Rk,Squad,MP,W,D,L,GF,GA,GD,Pts,Pts/MP,Attendance,Top Team Scorer,Goalkeeper,Notes,nan_1,nan_2,nan_3,nan_4,nan_5,Ano,Divisao
1,Palmeiras,38,24,8,6,62,32,30,80,2.11,32.467,Gabriel Jesus - 12,Jailson,→ Copa Libertadores via league finish,,,,,,2016,Série A
2,Santos,38,22,5,11,59,35,24,71,1.87,11.809,Ricardo Oliveira - 11,Vanderlei,→ Copa Libertadores via league finish,,,,,,2016,Série A
3,Flamengo,38,20,11,7,52,35,17,71,1.87,26.424,Paolo Guerrero - 9,Alex Muralha,→ Copa Libertadores via league finish,,,,,,2016,Série A
4,Atlético Mineiro,37,17,11,9,61,50,11,62,1.68,19.231,"Fred, Robinho - 12",Victor Leandro Bagy,→ Copa Libertadores via league finish,,,,,,2016,Série A
5,Botafogo (RJ),38,17,8,13,43,39,4,59,1.55,7.929,Sassá - 12,Sidão,→ Copa Libertadores via league finish,,,,,,2016,Série A
6,Athletico Paranaense,38,17,6,15,38,32,6,57,1.50,14.926,Pablo - 9,Wéverton,→ Copa Libertadores via league finish,,,,,,2016,Série A
7,Corinthians,38,15,10,13,48,42,6,55,1.45,28.82,"Guilherme, Marlone - 6",Cássio,→ Copa Sudamericana via league finish,,,,,,2016,Série A
8,Grêmio,38,14,11,13,41,44,-3,53,1.39,20.448,Luan Vieira - 6,Marcelo Grohe,→ Copa Libertadores via cup win 1,,,,,,2016,Série A
9,Ponte Preta,38,15,8,15,48,52,-4,53,1.39,5.702,William Pottker - 14,Aranha,→ Copa Sudamericana via league finish,,,,,,2016,Série A
10,São Paulo,38,14,10,14,44,36,8,52,1.37,22.553,Andrés Chávez - 9,Denis,→ Copa Sudamericana via league finish,,,,,,2016,Série A
11,Chapecoense,37,13,13,11,49,53,-4,52,1.41,7.211,Bruno Rangel - 10,Danilo,→ Copa Libertadores,,,,,,2016,Série A
12,Cruzeiro,38,14,9,15,48,49,-1,51,1.34,21.085,Giorgian De Arrascaeta - 9,Fábio,→ Copa Sudamericana via league finish,,,,,,2016,Série A
13,Fluminense,38,13,11,14,45,45,0,50,1.32,10.241,Cícero Santos - 9,Diego Cavalieri,→ Copa Sudamericana via league finish,,,,,,2016,Série A
14,Sport Recife,38,13,8,17,49,55,-6,47,1.24,15.706,Diego Souza - 14,Magrão,→ Copa Sudamericana via league finish,,,,,,2016,Série A
15,Coritiba,38,11,13,14,41,42,-1,46,1.21,9.894,Kléber - 9,Wilson,,,,,,,2016,Série A
16,Vitória,38,12,9,17,51,53,-2,45,1.18,13.997,Marinho - 12,Fernando Miguel,,,,,,,2016,Série A
17,Internacional,38,11,10,17,35,41,-6,43,1.13,25.838,Vitinho - 8,Danilo Fernandes,Relegated,,,,,,2016,Série A
18,Figueirense,38,8,13,17,30,50,-20,37,0.97,6.628,Rafael Moura - 8,Gatito Fernández,Relegated,,,,,,2016,Série A
19,Santa Cruz,38,8,7,23,45,69,-24,31,0.82,9.856,Grafite - 13,Tiago Cardoso,Relegated,,,,,,2016,Série A
20,América–MG,38,7,7,24,23,58,-35,28,0.74,4.301,Danilo Barcelos - 4,João Ricardo Riedi,Relegated,,,,,,2016,Série A
.,,,,,,,,,,,,,,,,,,,,2016,Série A
1. Grêmio qualified for a Copa Libertadores group stage berth by virtue of winning the Copa do Brasil.,,,,,,,,,,,,,,,,,,,,2016,Série A
Squad Standard Stats 2016 Série A,,,,,,,,,,,,,,,,,,,,2016,Série A
View Player Stats,,,,,,,,,,,,,,,,,,,,2016,Série A
Toggle Per90 Stats,,,,,,,,,,,,,,,,,,,,2016,Série A
Squad Stats,,,,,,,,,,,,,,,,,,,,2016,Série A
Opponent Stats,,,,,,,,,,,,,,,,,,,,2016,Série A
Squad,# Pl,Age,Poss,MP,Starts,Min,90s,Gls,Ast,G+A,G-PK,PK,PKatt,CrdY,Gls,Ast,G+A,G-PK,G+A-PK,2016,Série A
América–MG,46,27.2,45.3,38,418,3.42,38.0,23,17,40,21,2,3,69,0.61,0.45,1.05,0.55,1.00,2016,Série A
Athletico Paranaense,36,24.8,48.6,38,418,3.42,38.0,37,24,61,33,4,4,77,0.97,0.63,1.61,0.87,1.50,2016,Série A
Atlético Mineiro,39,28.1,53.3,37,407,3.33,37.0,61,49,110,56,5,5,77,1.65,1.32,2.97,1.51,2.84,2016,Série A
Botafogo (RJ),34,26.6,48.3,38,418,3.42,38.0,43,31,74,38,5,6,95,1.13,0.82,1.95,1.00,1.82,2016,Série A
Chapecoense,35,27.8,46.2,37,407,3.33,37.0,47,30,77,40,7,7,80,1.27,0.81,2.08,1.08,1.89,2016,Série A
Corinthians,34,26.0,56.0,38,418,3.42,38.0,47,40,87,44,3,4,83,1.24,1.05,2.29,1.16,2.21,2016,Série A
Coritiba,41,26.7,46.9,38,418,3.42,38.0,41,32,73,38,3,5,100,1.08,0.84,1.92,1.00,1.84,2016,Série A
Cruzeiro,37,26.9,51.9,38,418,3.42,38.0,48,28,76,46,2,5,102,1.26,0.74,2.00,1.21,1.95,2016,Série A
Figueirense,39,26.9,43.6,38,418,3.42,38.0,29,19,48,24,5,5,94,0.76,0.50,1.26,0.63,1.13,2016,Série A
Flamengo,31,27.0,53.3,38,418,3.42,38.0,50,35,85,45,5,7,68,1.32,0.92,2.24,1.18,2.11,2016,Série A
Fluminense,33,27.2,52.1,38,418,3.42,38.0,43,27,70,39,4,7,88,1.13,0.71,1.84,1.03,1.74,2016,Série A
Grêmio,37,25.7,53.7,38,418,3.42,38.0,40,27,67,39,1,1,95,1.05,0.71,1.76,1.03,1.74,2016,Série A
Internacional,40,25.5,51.2,38,418,3.42,38.0,34,30,64,31,3,5,104,0.89,0.79,1.68,0.82,1.61,2016,Série A
Palmeiras,35,27.2,52.8,38,418,3.42,38.0,62,43,105,58,4,5,94,1.63,1.13,2.76,1.53,2.66,2016,Série A
Ponte Preta,35,26.7,45.1,38,418,3.42,38.0,48,39,87,45,3,4,97,1.26,1.03,2.29,1.18,2.21,2016,Série A
Santa Cruz,41,28.1,47.8,38,418,3.42,38.0,45,34,79,40,5,6,97,1.18,0.89,2.08,1.05,1.95,2016,Série A
Santos,38,26.1,53.7,38,418,3.42,38.0,57,38,95,51,6,6,80,1.50,1.00,2.50,1.34,2.34,2016,Série A
São Paulo,41,25.6,51.6,38,418,3.42,38.0,44,32,76,39,5,7,95,1.16,0.84,2.00,1.03,1.87,2016,Série A
Sport Recife,30,27.8,50.9,38,418,3.42,38.0,48,31,79,45,3,4,91,1.26,0.82,2.08,1.18,2.00,2016,Série A
Vitória,33,26.1,48.6,38,418,3.42,38.0,47,30,77,43,4,8,112,1.24,0.79,2.03,1.13,1.92,2016,Série A
"Totals may not be complete for all senior-level play, see coverage note.",,,,,,,,,,,,,,,,,,,,2016,Série A
Squad Goalkeeping 2016 Série A,,,,,,,,,,,,,,,,,,,,2016,Série A
View Player Stats,,,,,,,,,,,,,,,,,,,,2016,Série A
Toggle Per90 Stats,,,,,,,,,,,,,,,,,,,,2016,Série A
Squad Stats,,,,,,,,,,,,,,,,,,,,2016,Série A
Opponent Stats,,,,,,,,,,,,,,,,,,,,2016,Série A
Squad,# Pl,MP,Starts,Min,90s,GA,GA90,SoTA,Saves,Save%,W,D,L,CS,PKatt,PKA,PKsv,PKm,Save%,2016,Série A
América–MG,3,38,38,3.42,38.0,58,1.53,180,128,71.1,7,7,24,7,6,6,0,0,0.0,2016,Série A
Athletico Paranaense,2,38,38,3.42,38.0,32,0.84,131,105,79.4,17,6,15,16,6,5,1,0,16.7,2016,Série A
Atlético Mineiro,3,37,37,3.33,37.0,50,1.35,180,133,73.9,17,11,9,10,3,3,0,0,0.0,2016,Série A
Botafogo (RJ),2,38,38,3.42,38.0,39,1.03,137,100,71.5,17,8,13,14,2,0,2,0,100.0,2016,Série A
Chapecoense,2,37,37,3.33,37.0,53,1.43,165,123,73.3,13,13,11,10,11,9,2,0,18.2,2016,Série A
Corinthians,3,38,38,3.42,38.0,42,1.11,134,98,72.4,15,10,13,13,6,5,1,0,16.7,2016,Série A
Coritiba,3,38,38,3.42,38.0,42,1.11,150,113,75.3,11,13,14,14,5,5,0,0,0.0,2016,Série A
Cruzeiro,3,38,38,3.42,38.0,49,1.29,145,103,69.7,14,9,15,10,8,5,2,1,28.6,2016,Série A
Figueirense,3,38,38,3.415,38.0,50,1.32,178,135,74.7,8,13,17,11,7,5,2,0,28.6,2016,Série A
Flamengo,2,38,38,3.42,38.0,35,0.92,143,111,77.6,20,11,7,16,3,3,0,0,0.0,2016,Série A
Fluminense,3,38,38,3.42,38.0,45,1.18,155,112,72.3,13,11,14,12,2,2,0,0,0.0,2016,Série A
Grêmio,3,38,38,3.42,38.0,44,1.16,138,99,71.7,14,11,13,18,7,5,0,2,0.0,2016,Série A
Internacional,5,38,38,3.42,38.0,41,1.08,137,102,73.0,11,10,17,9,6,4,2,0,33.3,2016,Série A
Palmeiras,4,38,38,3.42,38.0,32,0.84,124,94,75.8,24,8,6,15,2,2,0,0,0.0,2016,Série A
Ponte Preta,4,38,38,3.42,38.0,52,1.37,133,86,64.7,15,8,15,11,5,5,0,0,0.0,2016,Série A
Santa Cruz,3,38,38,3.42,38.0,69,1.82,178,112,61.8,8,7,23,6,3,1,2,0,66.7,2016,Série A
Santos,2,38,38,3.417,38.0,35,0.92,168,136,81.0,22,5,11,14,4,3,0,1,0.0,2016,Série A
São Paulo,3,38,38,3.42,38.0,36,0.95,135,103,75.6,14,10,14,12,7,3,1,3,25.0,2016,Série A
Sport Recife,2,38,38,3.417,38.0,55,1.45,165,116,69.7,13,8,17,9,7,5,1,1,16.7,2016,Série A
Vitória,2,38,38,3.42,38.0,53,1.39,190,142,73.7,12,9,17,6,7,3,2,2,40.0,2016,Série A
"Totals may not be complete for all senior-level play, see coverage note.",,,,,,,,,,,,,,,,,,,,2016,Série A
Become a Stathead & surf this site ad-free.,,,,,,,,,,,,,,,,,,,,2016,Série A
Squad Shooting 2016 Série A,,,,,,,,,,,,,,,,,,,,2016,Série A
View Player Stats,,,,,,,,,,,,,,,,,,,,2016,Série A
Toggle Per90 Stats,,,,,,,,,,,,,,,,,,,,2016,Série A
Squad Stats,,,,,,,,,,,,,,,,,,,,2016,Série A
Opponent Stats,,,,,,,,,,,,,,,,,,,,2016,Série A
Squad,# Pl,90s,Gls,Sh,SoT,SoT%,Sh/90,SoT/90,G/Sh,G/SoT,PK,PKatt,,,,,,,,2016,Série A
América–MG,46,38.0,23,421,110,26.1,11.08,2.89,0.05,0.19,2,3,,,,,,,,2016,Série A
Athletico Paranaense,36,38.0,37,413,149,36.1,10.87,3.92,0.08,0.22,4,4,,,,,,,,2016,Série A
Atlético Mineiro,39,37.0,61,478,172,36.0,12.92,4.65,0.12,0.33,5,5,,,,,,,,2016,Série A
Botafogo (RJ),34,38.0,43,468,149,31.8,12.32,3.92,0.08,0.26,5,6,,,,,,,,2016,Série A
Chapecoense,35,37.0,47,434,144,33.2,11.73,3.89,0.09,0.28,7,7,,,,,,,,2016,Série A
Corinthians,34,38.0,47,490,169,34.5,12.89,4.45,0.09,0.26,3,4,,,,,,,,2016,Série A
Coritiba,41,38.0,41,476,178,37.4,12.53,4.68,0.08,0.21,3,5,,,,,,,,2016,Série A
Cruzeiro,37,38.0,48,551,176,31.9,14.50,4.63,0.08,0.26,2,5,,,,,,,,2016,Série A
Figueirense,39,38.0,29,365,128,35.1,9.61,3.37,0.07,0.19,5,5,,,,,,,,2016,Série A
Flamengo,31,38.0,50,539,168,31.2,14.18,4.42,0.08,0.27,5,7,,,,,,,,2016,Série A
Fluminense,33,38.0,43,499,157,31.5,13.13,4.13,0.08,0.25,4,7,,,,,,,,2016,Série A
Grêmio,37,38.0,40,527,169,32.1,13.87,4.45,0.07,0.23,1,1,,,,,,,,2016,Série A
Internacional,40,38.0,34,489,158,32.3,12.87,4.16,0.06,0.20,3,5,,,,,,,,2016,Série A
Palmeiras,35,38.0,62,528,199,37.7,13.89,5.24,0.11,0.29,4,5,,,,,,,,2016,Série A
Ponte Preta,35,38.0,48,469,158,33.7,12.34,4.16,0.10,0.28,3,4,,,,,,,,2016,Série A
Santa Cruz,41,38.0,45,455,153,33.6,11.97,4.03,0.09,0.26,5,6,,,,,,,,2016,Série A
Santos,38,38.0,57,427,174,40.7,11.24,4.58,0.12,0.29,6,6,,,,,,,,2016,Série A
São Paulo,41,38.0,44,502,194,38.6,13.21,5.11,0.08,0.20,5,7,,,,,,,,2016,Série A
Sport Recife,30,38.0,48,467,177,37.9,12.29,4.66,0.10,0.25,3,4,,,,,,,,2016,Série A
Vitória,33,38.0,47,546,166,30.4,14.37,4.37,0.08,0.26,4,8,,,,,,,,2016,Série A
"Totals may not be complete for all senior-level play, see coverage note.",,,,,,,,,,,,,,,,,,,,2016,Série A
Squad Playing Time 2016 Série A,,,,,,,,,,,,,,,,,,,,2016,Série A
View Player Stats,,,,,,,,,,,,,,,,,,,,2016,Série A
Toggle Per90 Stats,,,,,,,,,,,,,,,,,,,,2016,Série A
Squad Stats,,,,,,,,,,,,,,,,,,,,2016,Série A
Opponent Stats,,,,,,,,,,,,,,,,,,,,2016,Série A
Squad,# Pl,Age,MP,Min,Mn/MP,Min%,90s,Starts,Mn/Start,Compl,Subs,Mn/Sub,unSub,PPM,onGA,+/-,+/-90,,,2016,Série A
América–MG,46,27.2,38,3.42,90,100,38.0,418,85,,113,20,253,0.74,58,-35,-0.92,,,2016,Série A
Athletico Paranaense,36,24.8,38,3.42,90,100,38.0,418,84,,109,23,272,1.50,32,6,+0.16,,,2016,Série A
Atlético Mineiro,39,28.1,37,3.33,90,100,37.0,407,84,,110,22,292,1.68,50,11,+0.30,,,2016,Série A
Botafogo (RJ),34,26.6,38,3.42,90,100,38.0,418,84,,114,23,302,1.55,39,4,+0.11,,,2016,Série A
Chapecoense,35,27.8,37,3.33,90,100,37.0,407,83,,111,25,260,1.41,53,-4,-0.11,,,2016,Série A
Corinthians,34,26.0,38,3.42,90,100,38.0,418,84,,107,22,330,1.45,42,6,+0.16,,,2016,Série A
Coritiba,41,26.7,38,3.42,90,100,38.0,418,83,,114,24,283,1.21,42,-1,-0.03,,,2016,Série A
Cruzeiro,37,26.9,38,3.42,90,100,38.0,418,84,,114,21,336,1.34,49,-1,-0.03,,,2016,Série A
Figueirense,39,26.9,38,3.42,90,100,38.0,418,83,,113,25,297,0.97,50,-20,-0.53,,,2016,Série A
Flamengo,31,27.0,38,3.42,90,100,38.0,418,84,,113,21,318,1.87,35,17,+0.45,,,2016,Série A
Fluminense,33,27.2,38,3.42,90,100,38.0,418,83,,110,28,304,1.32,45,0,0.00,,,2016,Série A
Grêmio,37,25.7,38,3.42,90,100,38.0,418,84,,112,21,322,1.39,44,-3,-0.08,,,2016,Série A
Internacional,40,25.5,38,3.42,90,100,38.0,418,83,,114,25,281,1.13,41,-6,-0.16,,,2016,Série A
Palmeiras,35,27.2,38,3.42,90,100,38.0,418,83,,114,25,339,2.11,32,30,+0.79,,,2016,Série A
Ponte Preta,35,26.7,38,3.42,90,100,38.0,418,83,,113,24,277,1.39,52,-4,-0.11,,,2016,Série A
Santa Cruz,41,28.1,38,3.42,90,100,38.0,418,84,,111,24,254,0.82,69,-24,-0.63,,,2016,Série A
Santos,38,26.1,38,3.42,90,100,38.0,418,85,,113,17,342,1.87,35,24,+0.63,,,2016,Série A
São Paulo,41,25.6,38,3.42,90,100,38.0,418,84,,107,21,282,1.37,36,8,+0.21,,,2016,Série A
Sport Recife,30,27.8,38,3.42,90,100,38.0,418,84,,113,21,296,1.24,55,-6,-0.16,,,2016,Série A
Vitória,33,26.1,38,3.42,90,100,38.0,418,83,,113,25,262,1.18,53,-2,-0.05,,,2016,Série A
"Totals may not be complete for all senior-level play, see coverage note.",,,,,,,,,,,,,,,,,,,,2016,Série A
Squad Miscellaneous Stats 2016 Série A,,,,,,,,,,,,,,,,,,,,2016,Série A
View Player Stats,,,,,,,,,,,,,,,,,,,,2016,Série A
Toggle Per90 Stats,,,,,,,,,,,,,,,,,,,,2016,Série A
Squad Stats,,,,,,,,,,,,,,,,,,,,2016,Série A
Opponent Stats,,,,,,,,,,,,,,,,,,,,2016,Série A
Squad,# Pl,90s,CrdY,CrdR,2CrdY,Fls,Fld,Off,Crs,Int,TklW,PKwon,PKcon,OG,,,,,,2016,Série A
América–MG,46,38.0,69,3,1,558,411,57,780,505,516,4,4,1,,,,,,2016,Série A
Athletico Paranaense,36,38.0,77,1,1,528,494,65,676,585,495,2,7,0,,,,,,2016,Série A
Atlético Mineiro,39,37.0,77,4,1,567,554,86,667,663,522,2,1,0,,,,,,2016,Série A
Botafogo (RJ),34,38.0,95,2,1,581,562,95,801,560,621,2,2,1,,,,,,2016,Série A
Chapecoense,35,37.0,80,2,2,626,568,69,844,656,507,4,10,0,,,,,,2016,Série A
Corinthians,34,38.0,83,5,3,560,565,49,818,528,568,2,5,1,,,,,,2016,Série A
Coritiba,41,38.0,100,4,3,649,575,66,769,580,498,4,2,1,,,,,,2016,Série A
Cruzeiro,37,38.0,102,9,4,535,562,92,949,662,536,0,8,3,,,,,,2016,Série A
Figueirense,39,38.0,94,8,4,680,678,82,655,658,577,2,7,0,,,,,,2016,Série A
Flamengo,31,38.0,68,5,3,492,585,75,832,653,553,2,2,1,,,,,,2016,Série A
Fluminense,33,38.0,88,1,1,574,625,97,794,522,504,5,2,1,,,,,,2016,Série A
Grêmio,37,38.0,95,6,1,590,535,74,551,592,562,0,3,0,,,,,,2016,Série A
Internacional,40,38.0,104,6,3,697,546,62,896,748,584,5,5,0,,,,,,2016,Série A
Palmeiras,35,38.0,94,0,0,645,647,79,670,653,552,4,2,1,,,,,,2016,Série A
Ponte Preta,35,38.0,97,3,0,686,536,76,745,654,555,3,2,2,,,,,,2016,Série A
Santa Cruz,41,38.0,97,6,5,594,528,93,705,662,474,5,3,2,,,,,,2016,Série A
Santos,38,38.0,80,4,2,494,508,100,642,512,521,5,3,0,,,,,,2016,Série A
São Paulo,41,38.0,95,5,3,598,545,81,841,650,571,4,4,3,,,,,,2016,Série A
Sport Recife,30,38.0,91,7,4,619,582,61,691,722,524,4,5,0,,,,,,2016,Série A
Vitória,33,38.0,112,6,6,682,641,89,900,651,474,5,4,1,,,,,,2016,Série A
1,Corinthians,38,21,9,8,50,30,20,72,1.89,38.052,Jô - 18,Cássio,→ Copa Libertadores via league finish,,,,,,2017,Série A
2,Palmeiras,38,19,6,13,61,45,16,63,1.66,28.52,Dudu - 9,Fernando Prass,→ Copa Libertadores via league finish,,,,,,2017,Série A
3,Santos,38,17,12,9,42,32,10,63,1.66,12.304,"Ricardo Oliveira, Bruno Henrique - 8",Vanderlei,→ Copa Libertadores via league finish,,,,,,2017,Série A
4,Grêmio,38,18,8,12,55,36,19,62,1.63,19.921,Fernandinho - 9,Marcelo Grohe,→ Copa Libertadores,,,,,,2017,Série A
5,Cruzeiro,38,15,12,11,47,39,8,57,1.50,17.369,Thiago Neves - 11,Fábio,→ Copa Libertadores via cup win 1,,,,,,2017,Série A
6,Flamengo,38,15,11,12,49,38,11,56,1.47,16.486,Diego - 10,Diego Alves,→ Copa Libertadores via league finish,,,,,,2017,Série A
7,Vasco da Gama,38,15,11,12,40,47,-7,56,1.47,13.994,"Luís Fabiano, Nenê - 5",Martín Silva,→ Copa Libertadores via league finish,,,,,,2017,Série A
8,Chapecoense,38,15,9,14,47,49,-2,54,1.42,10.188,Wellington Paulista - 9,Jandrei,→ Copa Libertadores via league finish,,,,,,2017,Série A
9,Atlético Mineiro,38,14,12,12,52,49,3,54,1.42,15.85,Fred - 12,Victor Leandro Bagy,→ Copa Sudamericana via league finish,,,,,,2017,Série A
10,Botafogo (RJ),38,14,11,13,45,42,3,53,1.39,11.661,Roger - 10,Gatito Fernández,→ Copa Sudamericana via league finish,,,,,,2017,Série A
11,Athletico Paranaense,38,14,9,15,45,43,2,51,1.34,13.856,Sidcley - 6,Wéverton,→ Copa Sudamericana via league finish,,,,,,2017,Série A
12,Bahia,38,13,11,14,50,48,2,50,1.32,21.541,Edigar Junio - 12,Jean,→ Copa Sudamericana via league finish,,,,,,2017,Série A
13,São Paulo,38,13,11,14,48,49,-1,50,1.32,35.88,Hernanes - 9,Renan Ribeiro,→ Copa Sudamericana via league finish,,,,,,2017,Série A
14,Fluminense,38,11,14,13,50,53,-3,47,1.24,16.253,Henrique Dourado - 18,Júlio César,→ Copa Sudamericana via league finish,,,,,,2017,Série A
15,Sport Recife,38,12,9,17,46,58,-12,45,1.18,14.457,André - 16,Magrão,,,,,,,2017,Série A
16,Vitória,38,11,10,17,50,58,-8,43,1.13,11.079,Santiago Tréllez - 10,Fernando Miguel,,,,,,,2017,Série A
17,Coritiba,38,11,10,17,42,51,-9,43,1.13,13.946,Henrique Almeida - 7,Wilson,Relegated,,,,,,2017,Série A
18,Avaíí,38,10,13,15,29,48,-19,43,1.13,7.801,Junior Dutra - 9,Douglas Friedrich,Relegated,,,,,,2017,Série A
19,Ponte Preta,38,10,9,19,37,52,-15,39,1.03,6.632,Lucca - 13,Aranha,Relegated,,,,,,2017,Série A
20,Atlético Goianiense,38,9,9,20,38,56,-18,36,0.95,6.434,Luiz Fernando - 9,Felipe Garcia,Relegated,,,,,,2017,Série A
.,,,,,,,,,,,,,,,,,,,,2017,Série A
1. Cruzeiro qualified for a Copa Libertadores group stage berth by virtue of winning the Copa do Brasil.,,,,,,,,,,,,,,,,,,,,2017,Série A
Squad Standard Stats 2017 Série A,,,,,,,,,,,,,,,,,,,,2017,Série A
View Player Stats,,,,,,,,,,,,,,,,,,,,2017,Série A
Toggle Per90 Stats,,,,,,,,,,,,,,,,,,,,2017,Série A
Squad Stats,,,,,,,,,,,,,,,,,,,,2017,Série A
Opponent Stats,,,,,,,,,,,,,,,,,,,,2017,Série A
Squad,# Pl,Age,Poss,MP,Starts,Min,90s,Gls,Ast,G+A,G-PK,PK,PKatt,CrdY,Gls,Ast,G+A,G-PK,G+A-PK,2017,Série A
Athletico Paranaense,35,26.7,51.1,38,418,3.42,38.0,43,28,71,39,4,8,78,1.13,0.74,1.87,1.03,1.76,2017,Série A
Atlético Goianiense,33,25.5,43.7,38,418,3.42,38.0,38,24,62,33,5,7,87,1.00,0.63,1.63,0.87,1.50,2017,Série A
Atlético Mineiro,39,28.6,53.0,38,418,3.42,38.0,52,36,88,47,5,9,108,1.37,0.95,2.32,1.24,2.18,2017,Série A
Avaí,29,27.3,40.3,38,418,3.42,38.0,29,17,46,24,5,5,86,0.76,0.45,1.21,0.63,1.08,2017,Série A
Bahia,33,25.2,48.6,38,418,3.42,38.0,49,34,83,42,7,8,93,1.29,0.89,2.18,1.11,2.00,2017,Série A
Botafogo (RJ),37,26.6,47.1,38,418,3.42,38.0,45,35,80,43,2,3,96,1.18,0.92,2.11,1.13,2.05,2017,Série A
Chapecoense,38,26.4,43.8,38,418,3.42,38.0,47,33,80,42,5,5,107,1.24,0.87,2.11,1.11,1.97,2017,Série A
Corinthians,32,25.7,54.5,38,418,3.42,38.0,50,36,86,46,4,5,83,1.32,0.95,2.26,1.21,2.16,2017,Série A
Coritiba,35,27.0,48.2,38,418,3.42,38.0,41,25,66,35,6,10,107,1.08,0.66,1.74,0.92,1.58,2017,Série A
Cruzeiro,35,27.6,52.6,38,418,3.42,38.0,46,33,79,43,3,5,87,1.21,0.87,2.08,1.13,2.00,2017,Série A
Flamengo,33,27.8,57.4,38,418,3.42,38.0,49,31,80,45,4,6,77,1.29,0.82,2.11,1.18,2.00,2017,Série A
Fluminense,38,24.6,50.2,38,418,3.42,38.0,47,27,74,38,9,9,95,1.24,0.71,1.95,1.00,1.71,2017,Série A
Grêmio,49,26.4,53.3,38,418,3.42,38.0,55,33,88,51,4,7,72,1.45,0.87,2.32,1.34,2.21,2017,Série A
Palmeiras,32,28.3,56.4,38,418,3.42,38.0,59,41,100,55,4,7,86,1.55,1.08,2.63,1.45,2.53,2017,Série A
Ponte Preta,39,28.3,45.6,38,418,3.42,38.0,36,21,57,28,8,10,93,0.95,0.55,1.50,0.74,1.29,2017,Série A
Santos,41,27.1,51.4,38,418,3.42,38.0,41,32,73,41,0,1,99,1.08,0.84,1.92,1.08,1.92,2017,Série A
São Paulo,41,26.1,55.2,38,418,3.42,38.0,46,29,75,43,3,5,70,1.21,0.76,1.97,1.13,1.89,2017,Série A
Sport Recife,35,28.3,53.0,38,418,3.42,38.0,45,31,76,39,6,6,91,1.18,0.82,2.00,1.03,1.84,2017,Série A
Vasco da Gama,39,26.6,47.5,38,418,3.42,38.0,36,25,61,36,0,1,109,0.95,0.66,1.61,0.95,1.61,2017,Série A
Vitória,37,26.6,48.1,38,418,3.42,38.0,50,35,85,45,5,8,99,1.32,0.92,2.24,1.18,2.11,2017,Série A
"Totals may not be complete for all senior-level play, see coverage note.",,,,,,,,,,,,,,,,,,,,2017,Série A
Squad Goalkeeping 2017 Série A,,,,,,,,,,,,,,,,,,,,2017,Série A
View Player Stats,,,,,,,,,,,,,,,,,,,,2017,Série A
Toggle Per90 Stats,,,,,,,,,,,,,,,,,,,,2017,Série A
Squad Stats,,,,,,,,,,,,,,,,,,,,2017,Série A
Opponent Stats,,,,,,,,,,,,,,,,,,,,2017,Série A
Squad,# Pl,MP,Starts,Min,90s,GA,GA90,SoTA,Saves,Save%,W,D,L,CS,PKatt,PKA,PKsv,PKm,Save%,2017,Série A
Athletico Paranaense,2,38,38,3.42,38.0,43,1.13,151,112,74.2,14,9,15,11,5,4,0,1,0.0,2017,Série A
Atlético Goianiense,3,38,38,3.42,38.0,56,1.47,187,135,71.1,9,9,20,5,4,2,2,0,50.0,2017,Série A
Atlético Mineiro,3,38,38,3.42,38.0,49,1.29,138,98,68.1,14,12,12,9,11,5,4,2,44.4,2017,Série A
Avaí,2,38,38,3.42,38.0,48,1.26,180,141,77.8,10,13,15,12,11,8,1,2,11.1,2017,Série A
Bahia,1,38,38,3.42,38.0,48,1.26,171,128,74.3,13,11,14,10,5,4,1,0,20.0,2017,Série A
Botafogo (RJ),3,38,38,3.42,38.0,42,1.11,131,97,70.2,14,11,13,12,8,3,5,0,62.5,2017,Série A
Chapecoense,1,38,38,3.42,38.0,49,1.29,140,94,66.4,15,9,14,11,4,2,1,1,33.3,2017,Série A
Corinthians,3,38,38,3.42,38.0,30,0.79,133,106,78.2,21,9,8,18,4,1,3,0,75.0,2017,Série A
Coritiba,1,38,38,3.42,38.0,51,1.34,173,127,72.3,11,10,17,10,6,3,2,1,40.0,2017,Série A
Cruzeiro,2,38,38,3.42,38.0,39,1.03,131,100,76.3,15,12,11,12,8,8,0,0,0.0,2017,Série A
Flamengo,4,38,38,3.42,38.0,38,1.00,118,85,71.2,15,11,12,13,5,4,1,0,20.0,2017,Série A
Fluminense,2,38,38,3.42,38.0,53,1.39,175,122,69.7,11,14,13,5,1,0,0,1,,2017,Série A
Grêmio,4,38,38,3.417,38.0,37,0.97,138,104,74.6,18,8,12,16,3,2,1,0,33.3,2017,Série A
Palmeiras,2,38,38,3.42,38.0,45,1.18,140,104,72.9,19,6,13,11,9,7,2,0,22.2,2017,Série A
Ponte Preta,2,38,38,3.42,38.0,52,1.37,174,126,72.4,10,9,19,12,5,4,0,1,0.0,2017,Série A
Santos,2,38,38,3.42,38.0,32,0.84,161,136,82.6,17,12,9,18,10,4,3,3,42.9,2017,Série A
São Paulo,2,38,38,3.42,38.0,49,1.29,156,116,74.4,13,11,14,9,11,9,0,2,0.0,2017,Série A
Sport Recife,2,38,38,3.42,38.0,58,1.53,159,106,66.7,12,9,17,10,5,5,0,0,0.0,2017,Série A
Vasco da Gama,3,38,38,3.42,38.0,47,1.24,136,97,71.3,15,11,12,10,8,8,0,0,0.0,2017,Série A
Vitória,2,38,38,3.42,38.0,58,1.53,179,128,70.9,11,10,17,7,7,6,1,0,14.3,2017,Série A
"Totals may not be complete for all senior-level play, see coverage note.",,,,,,,,,,,,,,,,,,,,2017,Série A
Become a Stathead & surf this site ad-free.,,,,,,,,,,,,,,,,,,,,2017,Série A
Squad Shooting 2017 Série A,,,,,,,,,,,,,,,,,,,,2017,Série A
View Player Stats,,,,,,,,,,,,,,,,,,,,2017,Série A
Toggle Per90 Stats,,,,,,,,,,,,,,,,,,,,2017,Série A
Squad Stats,,,,,,,,,,,,,,,,,,,,2017,Série A
Opponent Stats,,,,,,,,,,,,,,,,,,,,2017,Série A
Squad,# Pl,90s,Gls,Sh,SoT,SoT%,Sh/90,SoT/90,G/Sh,G/SoT,PK,PKatt,,,,,,,,2017,Série A
Athletico Paranaense,35,38.0,43,467,171,36.6,12.29,4.50,0.08,0.23,4,8,,,,,,,,2017,Série A
Atlético Goianiense,33,38.0,38,471,142,30.1,12.39,3.74,0.07,0.23,5,7,,,,,,,,2017,Série A
Atlético Mineiro,39,38.0,52,498,170,34.1,13.11,4.47,0.09,0.28,5,9,,,,,,,,2017,Série A
Avaí,29,38.0,29,407,110,27.0,10.71,2.89,0.06,0.22,5,5,,,,,,,,2017,Série A
Bahia,33,38.0,49,502,179,35.7,13.21,4.71,0.08,0.23,7,8,,,,,,,,2017,Série A
Botafogo (RJ),37,38.0,45,441,147,33.3,11.61,3.87,0.10,0.29,2,3,,,,,,,,2017,Série A
Chapecoense,38,38.0,47,502,173,34.5,13.21,4.55,0.08,0.24,5,5,,,,,,,,2017,Série A
Corinthians,32,38.0,50,472,170,36.0,12.42,4.47,0.10,0.27,4,5,,,,,,,,2017,Série A
Coritiba,35,38.0,41,429,168,39.2,11.29,4.42,0.08,0.21,6,10,,,,,,,,2017,Série A
Cruzeiro,35,38.0,46,550,185,33.6,14.47,4.87,0.08,0.23,3,5,,,,,,,,2017,Série A
Flamengo,33,38.0,49,574,183,31.9,15.11,4.82,0.08,0.25,4,6,,,,,,,,2017,Série A
Fluminense,38,38.0,47,470,171,36.4,12.37,4.50,0.08,0.22,9,9,,,,,,,,2017,Série A
Grêmio,49,38.0,55,456,188,41.2,12.00,4.95,0.11,0.27,4,7,,,,,,,,2017,Série A
Palmeiras,32,38.0,59,525,172,32.8,13.82,4.53,0.10,0.32,4,7,,,,,,,,2017,Série A
Ponte Preta,39,38.0,36,439,143,32.6,11.55,3.76,0.06,0.20,8,10,,,,,,,,2017,Série A
Santos,41,38.0,41,437,151,34.6,11.50,3.97,0.09,0.27,0,1,,,,,,,,2017,Série A
São Paulo,41,38.0,46,483,159,32.9,12.71,4.18,0.09,0.27,3,5,,,,,,,,2017,Série A
Sport Recife,35,38.0,45,493,172,34.9,12.97,4.53,0.08,0.23,6,6,,,,,,,,2017,Série A
Vasco da Gama,39,38.0,36,506,151,29.8,13.32,3.97,0.07,0.24,0,1,,,,,,,,2017,Série A
Vitória,37,38.0,50,494,160,32.4,13.00,4.21,0.09,0.28,5,8,,,,,,,,2017,Série A
"Totals may not be complete for all senior-level play, see coverage note.",,,,,,,,,,,,,,,,,,,,2017,Série A
Squad Playing Time 2017 Série A,,,,,,,,,,,,,,,,,,,,2017,Série A
View Player Stats,,,,,,,,,,,,,,,,,,,,2017,Série A
Toggle Per90 Stats,,,,,,,,,,,,,,,,,,,,2017,Série A
Squad Stats,,,,,,,,,,,,,,,,,,,,2017,Série A
Opponent Stats,,,,,,,,,,,,,,,,,,,,2017,Série A
Squad,# Pl,Age,MP,Min,Mn/MP,Min%,90s,Starts,Mn/Start,Compl,Subs,Mn/Sub,unSub,PPM,onGA,+/-,+/-90,,,2017,Série A
Athletico Paranaense,35,26.7,38,3.42,90,100,38.0,418,82,,113,28,317,1.34,43,2,+0.05,,,2017,Série A
Atlético Goianiense,33,25.5,38,3.42,90,100,38.0,418,84,,113,21,223,0.95,56,-18,-0.47,,,2017,Série A
Atlético Mineiro,39,28.6,38,3.42,90,100,38.0,418,83,,113,26,293,1.42,49,3,+0.08,,,2017,Série A
Avaí,29,27.3,38,3.42,90,100,38.0,418,84,,112,22,290,1.13,48,-19,-0.50,,,2017,Série A
Bahia,33,25.2,38,3.42,90,100,38.0,418,83,,113,24,315,1.32,48,2,+0.05,,,2017,Série A
Botafogo (RJ),37,26.6,38,3.42,90,100,38.0,418,84,,114,22,284,1.39,42,3,+0.08,,,2017,Série A
Chapecoense,38,26.4,38,3.42,90,100,38.0,418,85,,113,19,310,1.42,49,-2,-0.05,,,2017,Série A
Corinthians,32,25.7,38,3.42,90,100,38.0,418,85,,113,18,326,1.89,30,20,+0.53,,,2017,Série A
Coritiba,35,27.0,38,3.42,90,100,38.0,418,83,,114,26,308,1.13,51,-9,-0.24,,,2017,Série A
Cruzeiro,35,27.6,38,3.42,90,100,38.0,418,84,,113,21,297,1.50,39,8,+0.21,,,2017,Série A
Flamengo,33,27.8,38,3.42,90,100,38.0,418,84,,112,20,322,1.47,38,11,+0.29,,,2017,Série A
Fluminense,38,24.6,38,3.42,90,100,38.0,418,85,,112,18,266,1.24,53,-3,-0.08,,,2017,Série A
Grêmio,49,26.4,38,3.42,90,100,38.0,418,85,,112,17,295,1.63,36,19,+0.50,,,2017,Série A
Palmeiras,32,28.3,38,3.42,90,100,38.0,418,84,,114,21,321,1.66,45,16,+0.42,,,2017,Série A
Ponte Preta,39,28.3,38,3.42,90,100,38.0,418,83,,113,24,274,1.03,52,-15,-0.39,,,2017,Série A
Santos,41,27.1,38,3.42,90,100,38.0,418,85,,102,21,320,1.66,32,10,+0.26,,,2017,Série A
São Paulo,41,26.1,38,3.42,90,100,38.0,418,84,,111,21,335,1.32,49,-1,-0.03,,,2017,Série A
Sport Recife,35,28.3,38,3.42,90,100,38.0,418,83,,109,25,316,1.18,58,-12,-0.32,,,2017,Série A
Vasco da Gama,39,26.6,38,3.42,90,100,38.0,418,82,,114,27,330,1.47,47,-7,-0.18,,,2017,Série A
Vitória,37,26.6,38,3.42,90,100,38.0,418,84,,114,23,283,1.13,58,-8,-0.21,,,2017,Série A
"Totals may not be complete for all senior-level play, see coverage note.",,,,,,,,,,,,,,,,,,,,2017,Série A
Squad Miscellaneous Stats 2017 Série A,,,,,,,,,,,,,,,,,,,,2017,Série A
View Player Stats,,,,,,,,,,,,,,,,,,,,2017,Série A
Toggle Per90 Stats,,,,,,,,,,,,,,,,,,,,2017,Série A
Squad Stats,,,,,,,,,,,,,,,,,,,,2017,Série A
Opponent Stats,,,,,,,,,,,,,,,,,,,,2017,Série A
Squad,# Pl,90s,CrdY,CrdR,2CrdY,Fls,Fld,Off,Crs,Int,TklW,PKwon,PKcon,OG,,,,,,2017,Série A
Athletico Paranaense,35,38.0,78,3,2,540,466,77,760,472,361,5,5,1,,,,,,2017,Série A
Atlético Goianiense,33,38.0,87,3,2,696,581,74,861,558,471,7,4,1,,,,,,2017,Série A
Atlético Mineiro,39,38.0,108,3,2,642,587,98,828,565,507,9,9,0,,,,,,2017,Série A
Avaí,29,38.0,86,5,3,592,602,69,762,771,466,4,11,2,,,,,,2017,Série A
Bahia,33,38.0,93,6,4,633,625,60,764,558,534,8,6,1,,,,,,2017,Série A
Botafogo (RJ),37,38.0,96,2,1,598,574,50,767,602,506,3,8,1,,,,,,2017,Série A
Chapecoense,38,38.0,107,2,2,729,491,44,783,548,454,3,5,0,,,,,,2017,Série A
Corinthians,32,38.0,83,1,1,475,525,79,744,486,435,4,4,0,,,,,,2017,Série A
Coritiba,35,38.0,107,5,0,644,560,77,769,603,488,8,9,4,,,,,,2017,Série A
Cruzeiro,35,38.0,87,4,1,533,563,63,825,504,492,7,9,1,,,,,,2017,Série A
Flamengo,33,38.0,77,2,2,595,571,84,966,534,471,5,7,1,,,,,,2017,Série A
Fluminense,38,38.0,95,3,1,623,567,74,747,561,416,7,1,0,,,,,,2017,Série A
Grêmio,49,38.0,72,2,2,557,607,77,639,590,450,5,3,2,,,,,,2017,Série A
Palmeiras,32,38.0,86,4,1,624,621,57,889,533,497,7,9,1,,,,,,2017,Série A
Ponte Preta,39,38.0,93,9,3,594,597,54,854,609,464,8,5,0,,,,,,2017,Série A
Santos,41,38.0,99,4,3,572,524,75,763,515,428,2,11,1,,,,,,2017,Série A
São Paulo,41,38.0,70,4,1,522,617,45,834,543,468,5,12,0,,,,,,2017,Série A
Sport Recife,35,38.0,91,4,1,654,587,71,973,685,522,6,5,0,,,,,,2017,Série A
Vasco da Gama,39,38.0,109,2,1,584,634,50,775,598,503,1,9,0,,,,,,2017,Série A
Vitória,37,38.0,99,6,4,680,451,73,797,659,426,5,7,3,,,,,,2017,Série A
1,Palmeiras,38,23,11,4,64,26,38,80,2.11,32.965,Willian - 10,Wéverton,→ Copa Libertadores via league finish,,,,,,2018,Série A
2,Flamengo,38,21,9,8,59,29,30,72,1.89,51.114,Lucas Paquetá - 10,Diego Alves,→ Copa Libertadores via league finish,,,,,,2018,Série A
3,Internacional,38,19,12,7,51,29,22,69,1.82,28.632,Nicolás López - 11,Marcelo Lomba,→ Copa Libertadores via league finish,,,,,,2018,Série A
4,Grêmio,38,18,12,8,48,27,21,66,1.74,22.261,Everton Soares - 10,Paulo Victor Vidotti,→ Copa Libertadores via league finish,,,,,,2018,Série A
5,São Paulo,38,16,15,7,46,34,12,63,1.66,34.321,Diego Souza - 12,Sidão,→ Copa Libertadores via league finish,,,,,,2018,Série A
6,Atlético Mineiro,38,17,8,13,56,43,13,59,1.55,18.5,Ricardo Oliveira - 13,Victor Leandro Bagy,→ Copa Libertadores via league finish,,,,,,2018,Série A
7,Athletico Paranaense,38,16,9,13,54,37,17,57,1.50,10.917,Pablo - 12,Santos,,,,,,,2018,Série A
8,Cruzeiro,38,14,11,13,34,34,0,53,1.39,19.37,Giorgian De Arrascaeta - 6,Fábio,→ Copa Libertadores via cup win 1,,,,,,2018,Série A
9,Botafogo (RJ),38,13,12,13,38,46,-8,51,1.34,12.734,Kieza - 7,Saulo,→ Copa Sudamericana via league finish,,,,,,2018,Série A
10,Santos,38,13,11,14,46,40,6,50,1.32,11.793,Gabriel Barbosa - 18,Vanderlei,→ Copa Sudamericana via league finish,,,,,,2018,Série A
11,Bahia,38,12,12,14,39,41,-2,48,1.26,19.334,Gilberto - 8,Douglas Friedrich,→ Copa Sudamericana via league finish,,,,,,2018,Série A
12,Fluminense,38,12,9,17,32,46,-14,45,1.18,15.503,Pedro - 10,Júlio César,→ Copa Sudamericana via league finish,,,,,,2018,Série A
13,Corinthians,38,11,11,16,34,35,-1,44,1.16,31.367,Ángel Romero - 6,Cássio,→ Copa Sudamericana via league finish,,,,,,2018,Série A
14,Chapecoense,38,11,11,16,34,50,-16,44,1.16,10.013,Leandro Pereira - 11,Jandrei,→ Copa Sudamericana via league finish,,,,,,2018,Série A
15,Cearáá,38,10,14,14,32,38,-6,44,1.16,28.783,Arthur Cabral - 7,Éverson,,,,,,,2018,Série A
16,Vasco da Gama,38,10,13,15,41,48,-7,43,1.13,14.795,Yago Pikachu - 10,Martín Silva,,,,,,,2018,Série A
17,Sport Recife,38,11,9,18,35,57,-22,42,1.11,16.215,Gabriel - 5,Magrão,Relegated,,,,,,2018,Série A
18,América–MG,38,10,10,18,30,47,-17,40,1.05,6.619,Rafael Moura - 7,João Ricardo Riedi,Relegated,,,,,,2018,Série A
19,Vitória,38,9,10,19,36,63,-27,37,0.97,9.217,Neílton - 7,Ronaldo,Relegated,,,,,,2018,Série A
20,Paraná,38,4,11,23,18,57,-39,23,0.61,6.223,Alex Santana - 4,Richard,Relegated,,,,,,2018,Série A
.,,,,,,,,,,,,,,,,,,,,2018,Série A
1. Cruzeiro qualified for a Copa Libertadores group stage berth by virtue of winning the Copa do Brasil.,,,,,,,,,,,,,,,,,,,,2018,Série A
Squad Standard Stats 2018 Série A,,,,,,,,,,,,,,,,,,,,2018,Série A
View Player Stats,,,,,,,,,,,,,,,,,,,,2018,Série A
Toggle Per90 Stats,,,,,,,,,,,,,,,,,,,,2018,Série A
Squad Stats,,,,,,,,,,,,,,,,,,,,2018,Série A
Opponent Stats,,,,,,,,,,,,,,,,,,,,2018,Série A
Squad,# Pl,Age,Poss,MP,Starts,Min,90s,Gls,Ast,G+A,G-PK,PK,PKatt,CrdY,Gls,Ast,G+A,G-PK,G+A-PK,2018,Série A
América–MG,34,28.6,47.5,38,418,3.42,38.0,30,21,51,27,3,4,89,0.79,0.55,1.34,0.71,1.26,2018,Série A
Athletico Paranaense,34,26.1,55.1,38,418,3.42,38.0,52,36,88,50,2,2,92,1.37,0.95,2.32,1.32,2.26,2018,Série A
Atlético Mineiro,32,28.3,55.9,38,418,3.42,38.0,55,42,97,51,4,5,92,1.45,1.11,2.55,1.34,2.45,2018,Série A
Bahia,36,26.7,48.7,38,418,3.42,38.0,39,28,67,36,3,4,87,1.03,0.74,1.76,0.95,1.68,2018,Série A
Botafogo (RJ),34,25.5,46.2,38,418,3.42,38.0,35,28,63,32,3,4,94,0.92,0.74,1.66,0.84,1.58,2018,Série A
Ceará,41,28.1,44.8,38,418,3.42,38.0,32,22,54,30,2,4,95,0.84,0.58,1.42,0.79,1.37,2018,Série A
Chapecoense,37,27.7,46.3,38,418,3.42,38.0,33,19,52,29,4,4,78,0.87,0.50,1.37,0.76,1.26,2018,Série A
Corinthians,38,26.6,54.9,38,418,3.42,38.0,33,22,55,32,1,1,79,0.87,0.58,1.45,0.84,1.42,2018,Série A
Cruzeiro,35,29.0,51.3,38,418,3.42,38.0,32,20,52,27,5,7,100,0.84,0.53,1.37,0.71,1.24,2018,Série A
Flamengo,32,26.6,56.1,38,418,3.42,38.0,58,39,97,55,3,3,85,1.53,1.03,2.55,1.45,2.47,2018,Série A
Fluminense,38,25.2,49.7,38,418,3.42,38.0,29,26,55,29,0,0,91,0.76,0.68,1.45,0.76,1.45,2018,Série A
Grêmio,39,27.5,56.8,38,418,3.42,38.0,47,30,77,40,7,11,83,1.24,0.79,2.03,1.05,1.84,2018,Série A
Internacional,32,26.7,51.9,38,418,3.42,38.0,50,32,82,44,6,8,100,1.32,0.84,2.16,1.16,2.00,2018,Série A
Palmeiras,29,28.4,49.6,38,418,3.42,38.0,64,42,106,59,5,8,114,1.68,1.11,2.79,1.55,2.66,2018,Série A
Paraná,50,25.0,41.7,38,418,3.42,38.0,17,13,30,16,1,1,102,0.45,0.34,0.79,0.42,0.76,2018,Série A
Santos,35,26.1,52.8,38,418,3.42,38.0,44,31,75,41,3,4,90,1.16,0.82,1.97,1.08,1.89,2018,Série A
São Paulo,38,28.3,47.7,38,418,3.42,38.0,45,31,76,42,3,4,105,1.18,0.82,2.00,1.11,1.92,2018,Série A
Sport Recife,36,28.2,47.5,38,418,3.42,38.0,32,20,52,30,2,3,85,0.84,0.53,1.37,0.79,1.32,2018,Série A
Vasco da Gama,42,27.2,49.5,38,418,3.42,38.0,41,24,65,31,10,12,107,1.08,0.63,1.71,0.82,1.45,2018,Série A
Vitória,46,24.6,46.7,38,418,3.42,38.0,32,20,52,27,5,5,112,0.84,0.53,1.37,0.71,1.24,2018,Série A
"Totals may not be complete for all senior-level play, see coverage note.",,,,,,,,,,,,,,,,,,,,2018,Série A
Squad Goalkeeping 2018 Série A,,,,,,,,,,,,,,,,,,,,2018,Série A
View Player Stats,,,,,,,,,,,,,,,,,,,,2018,Série A
Toggle Per90 Stats,,,,,,,,,,,,,,,,,,,,2018,Série A
Squad Stats,,,,,,,,,,,,,,,,,,,,2018,Série A
Opponent Stats,,,,,,,,,,,,,,,,,,,,2018,Série A
Squad,# Pl,MP,Starts,Min,90s,GA,GA90,SoTA,Saves,Save%,W,D,L,CS,PKatt,PKA,PKsv,PKm,Save%,2018,Série A
América–MG,3,38,38,3.42,38.0,47,1.24,163,123,74.8,10,10,18,11,7,6,1,0,14.3,2018,Série A
Athletico Paranaense,2,38,38,3.42,38.0,37,0.97,157,130,82.2,16,9,13,16,10,9,1,0,10.0,2018,Série A
Atlético Mineiro,1,38,38,3.42,38.0,43,1.13,148,110,74.3,17,8,13,11,6,5,0,1,0.0,2018,Série A
Bahia,3,38,38,3.417,38.0,41,1.08,130,92,70.0,12,12,14,13,3,2,1,0,33.3,2018,Série A
Botafogo (RJ),4,38,38,3.42,38.0,46,1.21,164,123,74.4,13,12,13,10,6,4,1,1,20.0,2018,Série A
Ceará,2,38,38,3.42,38.0,38,1.00,149,113,75.8,10,14,14,14,2,2,0,0,0.0,2018,Série A
Chapecoense,1,38,38,3.42,38.0,50,1.32,156,110,69.9,11,11,16,10,4,3,1,0,25.0,2018,Série A
Corinthians,2,38,38,3.42,38.0,35,0.92,170,139,81.8,11,11,16,11,4,4,0,0,0.0,2018,Série A
Cruzeiro,2,38,38,3.42,38.0,32,0.84,120,93,76.7,14,11,13,13,5,4,1,0,20.0,2018,Série A
Flamengo,3,38,38,3.42,38.0,29,0.76,128,103,78.9,21,9,8,20,4,2,2,0,50.0,2018,Série A
Fluminense,2,38,38,3.42,38.0,46,1.21,147,106,71.4,12,9,17,13,7,4,2,1,33.3,2018,Série A
Grêmio,3,38,38,3.42,38.0,27,0.71,104,77,74.0,18,12,8,21,0,0,0,0,,2018,Série A
Internacional,3,38,38,3.42,38.0,28,0.74,125,100,80.0,19,12,7,17,3,3,0,0,0.0,2018,Série A
Palmeiras,3,38,38,3.419,38.0,26,0.68,120,96,80.0,23,11,4,18,2,2,0,0,0.0,2018,Série A
Paraná,4,38,38,3.42,38.0,57,1.50,161,113,69.6,4,11,23,5,9,8,1,0,11.1,2018,Série A
Santos,2,38,38,3.42,38.0,40,1.05,142,104,73.2,13,11,14,14,2,2,0,0,0.0,2018,Série A
São Paulo,2,38,38,3.419,38.0,34,0.89,121,89,73.6,16,15,7,16,3,2,0,1,0.0,2018,Série A
Sport Recife,3,38,38,3.42,38.0,55,1.45,170,123,70.6,11,9,18,10,8,5,3,0,37.5,2018,Série A
Vasco da Gama,2,38,38,3.42,38.0,48,1.26,143,98,67.8,10,13,15,7,3,2,1,0,33.3,2018,Série A
Vitória,4,38,38,3.42,38.0,62,1.63,175,118,66.3,9,10,19,11,6,3,2,1,40.0,2018,Série A
"Totals may not be complete for all senior-level play, see coverage note.",,,,,,,,,,,,,,,,,,,,2018,Série A
Become a Stathead & surf this site ad-free.,,,,,,,,,,,,,,,,,,,,2018,Série A
Squad Shooting 2018 Série A,,,,,,,,,,,,,,,,,,,,2018,Série A
View Player Stats,,,,,,,,,,,,,,,,,,,,2018,Série A
Toggle Per90 Stats,,,,,,,,,,,,,,,,,,,,2018,Série A
Squad Stats,,,,,,,,,,,,,,,,,,,,2018,Série A
Opponent Stats,,,,,,,,,,,,,,,,,,,,2018,Série A
Squad,# Pl,90s,Gls,Sh,SoT,SoT%,Sh/90,SoT/90,G/Sh,G/SoT,PK,PKatt,,,,,,,,2018,Série A
América–MG,34,38.0,30,408,127,31.1,10.74,3.34,0.07,0.21,3,4,,,,,,,,2018,Série A
Athletico Paranaense,34,38.0,52,524,183,34.9,13.79,4.82,0.10,0.27,2,2,,,,,,,,2018,Série A
Atlético Mineiro,32,38.0,55,535,170,31.8,14.08,4.47,0.10,0.30,4,5,,,,,,,,2018,Série A
Bahia,36,38.0,39,519,165,31.8,13.66,4.34,0.07,0.22,3,4,,,,,,,,2018,Série A
Botafogo (RJ),34,38.0,35,494,151,30.6,13.00,3.97,0.06,0.21,3,4,,,,,,,,2018,Série A
Ceará,41,38.0,32,491,147,29.9,12.92,3.87,0.06,0.20,2,4,,,,,,,,2018,Série A
Chapecoense,37,38.0,33,436,108,24.8,11.47,2.84,0.07,0.27,4,4,,,,,,,,2018,Série A
Corinthians,38,38.0,33,402,123,30.6,10.58,3.24,0.08,0.26,1,1,,,,,,,,2018,Série A
Cruzeiro,35,38.0,32,480,144,30.0,12.63,3.79,0.06,0.19,5,7,,,,,,,,2018,Série A
Flamengo,32,38.0,58,548,203,37.0,14.42,5.34,0.10,0.27,3,3,,,,,,,,2018,Série A
Fluminense,38,38.0,29,469,144,30.7,12.34,3.79,0.06,0.20,0,0,,,,,,,,2018,Série A
Grêmio,39,38.0,47,500,182,36.4,13.16,4.79,0.08,0.22,7,11,,,,,,,,2018,Série A
Internacional,32,38.0,50,473,163,34.5,12.45,4.29,0.09,0.27,6,8,,,,,,,,2018,Série A
Palmeiras,29,38.0,64,514,186,36.2,13.53,4.89,0.11,0.32,5,8,,,,,,,,2018,Série A
Paraná,50,38.0,17,449,111,24.7,11.82,2.92,0.04,0.14,1,1,,,,,,,,2018,Série A
Santos,35,38.0,44,487,152,31.2,12.82,4.00,0.08,0.27,3,4,,,,,,,,2018,Série A
São Paulo,38,38.0,45,438,147,33.6,11.53,3.87,0.10,0.29,3,4,,,,,,,,2018,Série A
Sport Recife,36,38.0,32,455,148,32.5,11.97,3.89,0.07,0.20,2,3,,,,,,,,2018,Série A
Vasco da Gama,42,38.0,41,482,162,33.6,12.68,4.26,0.06,0.19,10,12,,,,,,,,2018,Série A
Vitória,46,38.0,32,460,128,27.8,12.11,3.37,0.06,0.21,5,5,,,,,,,,2018,Série A
"Totals may not be complete for all senior-level play, see coverage note.",,,,,,,,,,,,,,,,,,,,2018,Série A
Squad Playing Time 2018 Série A,,,,,,,,,,,,,,,,,,,,2018,Série A
View Player Stats,,,,,,,,,,,,,,,,,,,,2018,Série A
Toggle Per90 Stats,,,,,,,,,,,,,,,,,,,,2018,Série A
Squad Stats,,,,,,,,,,,,,,,,,,,,2018,Série A
Opponent Stats,,,,,,,,,,,,,,,,,,,,2018,Série A
Squad,# Pl,Age,MP,Min,Mn/MP,Min%,90s,Starts,Mn/Start,Compl,Subs,Mn/Sub,unSub,PPM,onGA,+/-,+/-90,,,2018,Série A
América–MG,34,28.6,38,3.42,90,100,38.0,418,83,,114,24,284,1.05,47,-17,-0.45,,,2018,Série A
Athletico Paranaense,34,26.1,38,3.42,90,100,38.0,418,84,,112,21,319,1.50,37,17,+0.45,,,2018,Série A
Atlético Mineiro,32,28.3,38,3.42,90,100,38.0,418,85,,113,20,327,1.55,43,13,+0.34,,,2018,Série A
Bahia,36,26.7,38,3.42,90,100,38.0,418,85,,113,19,295,1.26,41,-2,-0.05,,,2018,Série A
Botafogo (RJ),34,25.5,38,3.42,90,100,38.0,418,84,,114,21,304,1.34,46,-8,-0.21,,,2018,Série A
Ceará,41,28.1,38,3.42,90,100,38.0,418,84,,114,23,290,1.16,38,-6,-0.16,,,2018,Série A
Chapecoense,37,27.7,38,3.42,90,100,38.0,418,84,,114,23,312,1.16,50,-16,-0.42,,,2018,Série A
Corinthians,38,26.6,38,3.42,90,100,38.0,418,84,,113,19,319,1.16,35,-1,-0.03,,,2018,Série A
Cruzeiro,35,29.0,38,3.42,90,100,38.0,418,84,,111,23,286,1.39,34,0,0.00,,,2018,Série A
Flamengo,32,26.6,38,3.42,90,100,38.0,418,85,,114,17,337,1.89,29,30,+0.79,,,2018,Série A
Fluminense,38,25.2,38,3.42,90,100,38.0,418,84,,112,23,293,1.18,46,-14,-0.37,,,2018,Série A
Grêmio,39,27.5,38,3.42,90,100,38.0,418,84,,112,21,315,1.74,27,21,+0.55,,,2018,Série A
Internacional,32,26.7,38,3.42,90,100,38.0,418,85,,112,19,309,1.82,29,22,+0.58,,,2018,Série A
Palmeiras,29,28.4,38,3.42,90,100,38.0,418,84,,114,22,329,2.11,26,38,+1.00,,,2018,Série A
Paraná,50,25.0,38,3.42,90,100,38.0,418,83,,113,25,287,0.61,57,-39,-1.03,,,2018,Série A
Santos,35,26.1,38,3.42,90,100,38.0,418,84,,114,21,316,1.32,40,6,+0.16,,,2018,Série A
São Paulo,38,28.3,38,3.42,90,100,38.0,418,84,,112,21,291,1.66,34,12,+0.32,,,2018,Série A
Sport Recife,36,28.2,38,3.42,90,100,38.0,418,83,,114,24,295,1.11,57,-22,-0.58,,,2018,Série A
Vasco da Gama,42,27.2,38,3.42,90,100,38.0,418,84,,113,22,325,1.13,48,-7,-0.18,,,2018,Série A
Vitória,46,24.6,38,3.42,90,100,38.0,418,83,,114,26,300,0.97,63,-27,-0.71,,,2018,Série A
"Totals may not be complete for all senior-level play, see coverage note.",,,,,,,,,,,,,,,,,,,,2018,Série A
Squad Miscellaneous Stats 2018 Série A,,,,,,,,,,,,,,,,,,,,2018,Série A
View Player Stats,,,,,,,,,,,,,,,,,,,,2018,Série A
Toggle Per90 Stats,,,,,,,,,,,,,,,,,,,,2018,Série A
Squad Stats,,,,,,,,,,,,,,,,,,,,2018,Série A
Opponent Stats,,,,,,,,,,,,,,,,,,,,2018,Série A
Squad,# Pl,90s,CrdY,CrdR,2CrdY,Fls,Fld,Off,Crs,Int,TklW,PKwon,PKcon,OG,,,,,,2018,Série A
América–MG,34,38.0,89,8,3,585,463,61,635,562,421,3,8,1,,,,,,2018,Série A
Athletico Paranaense,34,38.0,92,5,2,581,498,67,780,434,336,1,11,3,,,,,,2018,Série A
Atlético Mineiro,32,38.0,92,3,1,606,559,64,762,521,490,3,6,4,,,,,,2018,Série A
Bahia,36,38.0,87,4,3,687,548,51,843,514,505,4,4,1,,,,,,2018,Série A
Botafogo (RJ),34,38.0,94,5,2,578,583,54,776,587,393,2,6,1,,,,,,2018,Série A
Ceará,41,38.0,95,3,2,597,502,52,714,439,454,5,5,1,,,,,,2018,Série A
Chapecoense,37,38.0,78,3,2,631,596,52,912,543,486,2,5,0,,,,,,2018,Série A
Corinthians,38,38.0,79,3,2,541,566,46,700,504,436,1,5,1,,,,,,2018,Série A
Cruzeiro,35,38.0,100,2,1,576,528,72,794,432,423,6,5,2,,,,,,2018,Série A
Flamengo,32,38.0,85,10,2,575,589,47,861,447,562,3,4,0,,,,,,2018,Série A
Fluminense,38,38.0,91,5,2,548,570,47,694,478,475,0,7,1,,,,,,2018,Série A
Grêmio,39,38.0,83,1,0,538,603,58,607,485,449,10,0,1,,,,,,2018,Série A
Internacional,32,38.0,100,6,2,558,536,64,872,604,495,7,3,2,,,,,,2018,Série A
Palmeiras,29,38.0,114,5,0,665,611,73,689,508,518,5,2,0,,,,,,2018,Série A
Paraná,50,38.0,102,9,2,601,544,48,638,615,486,1,9,0,,,,,,2018,Série A
Santos,35,38.0,90,3,1,568,579,73,819,505,448,4,2,0,,,,,,2018,Série A
São Paulo,38,38.0,105,6,4,669,550,80,819,538,511,4,3,2,,,,,,2018,Série A
Sport Recife,36,38.0,85,4,3,570,589,63,774,535,483,3,8,0,,,,,,2018,Série A
Vasco da Gama,42,38.0,107,9,3,586,601,48,733,473,411,11,4,3,,,,,,2018,Série A
Vitória,46,38.0,112,7,2,663,620,46,722,542,429,4,6,4,,,,,,2018,Série A
1,Flamengo,38,28,6,4,86,37,49,90,2.37,58.809,Gabriel Barbosa - 24,Diego Alves,,,,,,,2019,Série A
2,Santos,38,22,8,8,60,33,27,74,1.95,10.388,Eduardo Sasha - 14,Éverson,→ Copa Libertadores via league finish,,,,,,2019,Série A
3,Palmeiras,38,21,11,6,61,32,29,74,1.95,28.413,Bruno Henrique - 10,Wéverton,→ Copa Libertadores via league finish,,,,,,2019,Série A
4,Grêmio,38,19,8,11,64,39,25,65,1.71,16.751,Everton Soares - 11,Paulo Victor Vidotti,→ Copa Libertadores via league finish,,,,,,2019,Série A
5,Athletico Paranaense,38,18,10,10,51,32,19,64,1.68,15.449,Marcelo Cirino - 9,Santos,,,,,,,2019,Série A
6,São Paulo,38,17,12,9,39,30,9,63,1.66,29.624,Vitor Bueno - 6,Tiago Volpi,→ Copa Libertadores via league finish,,,,,,2019,Série A
7,Internacional,38,16,9,13,44,39,5,57,1.50,20.651,Paolo Guerrero - 10,Marcelo Lomba,→ Copa Libertadores via league finish,,,,,,2019,Série A
8,Corinthians,38,14,14,10,42,34,8,56,1.47,32.894,Mauro Boselli - 7,Cássio,→ Copa Libertadores via league finish,,,,,,2019,Série A
9,Fortaleza,38,15,8,15,50,49,1,53,1.39,33.661,Wellington Paulista - 13,Felipe Alves Raymundo,→ Copa Sudamericana via league finish,,,,,,2019,Série A
10,Goiás,38,15,7,16,46,64,-18,52,1.37,14.935,"Rafael Moura, Michael - 9",Tadeu,→ Copa Sudamericana via league finish,,,,,,2019,Série A
11,Bahia,38,12,13,13,44,43,1,49,1.29,26.674,Gilberto - 14,Douglas Friedrich,→ Copa Sudamericana via league finish,,,,,,2019,Série A
12,Vasco da Gama,38,12,13,13,39,45,-6,49,1.29,21.092,Yago Pikachu - 5,Fernando Miguel,→ Copa Sudamericana via league finish,,,,,,2019,Série A
13,Atlético Mineiro,38,13,9,16,45,49,-4,48,1.26,19.044,Juan Cazares - 6,Cleiton Schwengber,→ Copa Sudamericana via league finish,,,,,,2019,Série A
14,Fluminense,38,12,10,16,38,46,-8,46,1.21,21.483,Yony González - 6,Muriel Becker,→ Copa Sudamericana via league finish,,,,,,2019,Série A
15,Botafogo (RJ),38,13,4,21,31,45,-14,43,1.13,17.425,Diego Souza - 7,Gatito Fernández,,,,,,,2019,Série A
16,Cearáá,38,10,9,19,36,41,-5,39,1.03,26.742,Thiago Galhardo - 12,Diogo Silva,,,,,,,2019,Série A
17,Cruzeiro,38,7,15,16,27,46,-19,36,0.95,27.049,Thiago Neves - 6,Fábio,Relegated,,,,,,2019,Série A
18,CSA,38,8,8,22,24,58,-34,32,0.84,12.015,Jonathan David Gómez - 5,Jordi Almeida,Relegated,,,,,,2019,Série A
19,Chapecoense,38,7,11,20,31,52,-21,32,0.84,7.43,Everaldo Stum - 13,Tiepo,Relegated,,,,,,2019,Série A
20,Avaíí,38,3,11,24,18,62,-44,20,0.53,8.338,João Paulo Alves - 5,Vladimir,Relegated,,,,,,2019,Série A
Squad Standard Stats 2019 Série A,,,,,,,,,,,,,,,,,,,,2019,Série A
View Player Stats,,,,,,,,,,,,,,,,,,,,2019,Série A
Toggle Per90 Stats,,,,,,,,,,,,,,,,,,,,2019,Série A
Squad Stats,,,,,,,,,,,,,,,,,,,,2019,Série A
Opponent Stats,,,,,,,,,,,,,,,,,,,,2019,Série A
Squad,# Pl,Age,Poss,MP,Starts,Min,90s,Gls,Ast,G+A,G-PK,PK,PKatt,CrdY,Gls,Ast,G+A,G-PK,G+A-PK,2019,Série A
Athletico Paranaense,36,26.2,56.8,38,418,3.42,38.0,49,32,81,46,3,4,83,1.29,0.84,2.13,1.21,2.05,2019,Série A
Atlético Mineiro,32,28.1,49.8,38,418,3.42,38.0,44,26,70,39,5,8,72,1.16,0.68,1.84,1.03,1.71,2019,Série A
Avaí,42,26.7,46.3,38,418,3.42,38.0,17,9,26,13,4,5,79,0.45,0.24,0.68,0.34,0.58,2019,Série A
Bahia,31,27.0,46.9,38,418,3.42,38.0,43,24,67,34,9,10,68,1.13,0.63,1.76,0.89,1.53,2019,Série A
Botafogo (RJ),33,26.9,49.4,38,418,3.42,38.0,29,22,51,26,3,3,95,0.76,0.58,1.34,0.68,1.26,2019,Série A
Ceará,33,29.0,45.6,38,418,3.42,38.0,35,24,59,32,3,6,86,0.92,0.63,1.55,0.84,1.47,2019,Série A
Chapecoense,36,28.8,44.5,38,418,3.42,38.0,31,22,53,27,4,5,77,0.82,0.58,1.39,0.71,1.29,2019,Série A
Corinthians,33,28.0,51.3,38,418,3.42,38.0,41,26,67,37,4,4,70,1.08,0.68,1.76,0.97,1.66,2019,Série A
Cruzeiro,35,28.9,52.2,38,418,3.42,38.0,27,17,44,23,4,5,88,0.71,0.45,1.16,0.61,1.05,2019,Série A
CSA,40,28.7,40.5,38,418,3.42,38.0,24,15,39,20,4,5,95,0.63,0.39,1.03,0.53,0.92,2019,Série A
Flamengo,37,26.8,58.4,38,418,3.42,38.0,85,64,149,79,6,8,90,2.24,1.68,3.92,2.08,3.76,2019,Série A
Fluminense,39,25.1,57.1,38,418,3.42,38.0,35,20,55,31,4,5,90,0.92,0.53,1.45,0.82,1.34,2019,Série A
Fortaleza,32,28.1,45.4,38,418,3.42,38.0,48,33,81,40,8,9,86,1.26,0.87,2.13,1.05,1.92,2019,Série A
Goiás,39,26.4,42.2,38,418,3.42,38.0,44,25,69,40,4,4,87,1.16,0.66,1.82,1.05,1.71,2019,Série A
Grêmio,40,27.6,56.6,38,418,3.42,38.0,63,48,111,56,7,9,81,1.66,1.26,2.92,1.47,2.74,2019,Série A
Internacional,38,27.9,53.5,38,418,3.42,38.0,43,25,68,42,1,3,94,1.13,0.66,1.79,1.11,1.76,2019,Série A
Palmeiras,35,28.5,49.5,38,418,3.42,38.0,61,42,103,56,5,6,73,1.61,1.11,2.71,1.47,2.58,2019,Série A
Santos,30,26.5,56.2,38,418,3.42,38.0,58,39,97,53,5,7,108,1.53,1.03,2.55,1.39,2.42,2019,Série A
São Paulo,36,26.5,53.3,38,418,3.42,38.0,39,32,71,36,3,4,85,1.03,0.84,1.87,0.95,1.79,2019,Série A
Vasco da Gama,39,26.0,44.6,38,418,3.42,38.0,37,20,57,29,8,12,103,0.97,0.53,1.50,0.76,1.29,2019,Série A
"Totals may not be complete for all senior-level play, see coverage note.",,,,,,,,,,,,,,,,,,,,2019,Série A
Squad Goalkeeping 2019 Série A,,,,,,,,,,,,,,,,,,,,2019,Série A
View Player Stats,,,,,,,,,,,,,,,,,,,,2019,Série A
Toggle Per90 Stats,,,,,,,,,,,,,,,,,,,,2019,Série A
Squad Stats,,,,,,,,,,,,,,,,,,,,2019,Série A
Opponent Stats,,,,,,,,,,,,,,,,,,,,2019,Série A
Squad,# Pl,MP,Starts,Min,90s,GA,GA90,SoTA,Saves,Save%,W,D,L,CS,PKatt,PKA,PKsv,PKm,Save%,2019,Série A
Athletico Paranaense,3,38,38,3.42,38.0,32,0.84,150,116,82.7,18,10,10,15,8,6,2,0,25.0,2019,Série A
Atlético Mineiro,3,38,38,3.42,38.0,49,1.29,174,125,75.9,13,9,16,7,9,7,1,1,12.5,2019,Série A
Avaí,3,38,38,3.42,38.0,62,1.63,197,136,72.1,3,11,24,9,7,7,0,0,0.0,2019,Série A
Bahia,2,38,38,3.42,38.0,43,1.13,159,115,75.5,12,13,13,14,5,4,1,0,20.0,2019,Série A
Botafogo (RJ),2,38,38,3.42,38.0,45,1.18,195,152,78.5,13,4,21,10,4,3,0,1,0.0,2019,Série A
Ceará,3,38,38,3.42,38.0,41,1.08,148,108,73.6,10,9,19,8,2,2,0,0,0.0,2019,Série A
Chapecoense,2,38,38,3.42,38.0,52,1.37,189,134,75.7,7,11,20,8,10,6,4,0,40.0,2019,Série A
Corinthians,3,38,38,3.42,38.0,34,0.89,145,110,80.0,14,14,10,17,7,5,2,0,28.6,2019,Série A
Cruzeiro,2,38,38,3.42,38.0,46,1.21,152,104,72.4,7,15,16,13,7,4,2,1,33.3,2019,Série A
CSA,2,38,38,3.419,38.0,58,1.53,222,165,74.8,8,8,22,10,5,2,2,1,50.0,2019,Série A
Flamengo,3,38,38,3.419,38.0,37,0.97,143,105,78.3,28,6,4,14,8,6,2,0,25.0,2019,Série A
Fluminense,4,38,38,3.416,38.0,46,1.21,177,131,76.3,12,10,16,11,4,4,0,0,0.0,2019,Série A
Fortaleza,2,38,38,3.42,38.0,49,1.29,170,121,74.1,15,8,15,8,7,5,1,1,16.7,2019,Série A
Goiás,3,38,38,3.42,38.0,64,1.68,208,143,70.7,15,7,16,10,6,3,2,1,40.0,2019,Série A
Grêmio,3,38,38,3.42,38.0,39,1.03,157,121,80.9,19,8,11,14,9,9,0,0,0.0,2019,Série A
Internacional,2,38,38,3.414,38.0,39,1.03,170,131,79.4,16,9,13,12,5,4,1,0,20.0,2019,Série A
Palmeiras,3,38,38,3.42,38.0,32,0.84,141,109,82.3,21,11,6,15,8,7,1,0,12.5,2019,Série A
Santos,2,38,38,3.42,38.0,33,0.87,135,102,77.0,22,8,8,17,3,2,1,0,33.3,2019,Série A
São Paulo,2,38,38,3.42,38.0,30,0.79,144,115,81.9,17,12,9,15,4,4,0,0,0.0,2019,Série A
Vasco da Gama,3,38,38,3.42,38.0,45,1.18,155,113,73.5,12,13,13,10,4,4,0,0,0.0,2019,Série A
"Totals may not be complete for all senior-level play, see coverage note.",,,,,,,,,,,,,,,,,,,,2019,Série A
Become a Stathead & surf this site ad-free.,,,,,,,,,,,,,,,,,,,,2019,Série A
Squad Shooting 2019 Série A,,,,,,,,,,,,,,,,,,,,2019,Série A
View Player Stats,,,,,,,,,,,,,,,,,,,,2019,Série A
Toggle Per90 Stats,,,,,,,,,,,,,,,,,,,,2019,Série A
Squad Stats,,,,,,,,,,,,,,,,,,,,2019,Série A
Opponent Stats,,,,,,,,,,,,,,,,,,,,2019,Série A
Squad,# Pl,90s,Gls,Sh,SoT,SoT%,Sh/90,SoT/90,G/Sh,G/SoT,PK,PKatt,,,,,,,,2019,Série A
Athletico Paranaense,36,38.0,49,587,209,35.6,15.45,5.50,0.08,0.22,3,4,,,,,,,,2019,Série A
Atlético Mineiro,32,38.0,44,603,189,31.3,15.87,4.97,0.06,0.21,5,8,,,,,,,,2019,Série A
Avaí,42,38.0,17,458,106,23.1,12.05,2.79,0.03,0.12,4,5,,,,,,,,2019,Série A
Bahia,31,38.0,43,487,148,30.4,12.82,3.89,0.07,0.23,9,10,,,,,,,,2019,Série A
Botafogo (RJ),33,38.0,29,387,122,31.5,10.18,3.21,0.07,0.21,3,3,,,,,,,,2019,Série A
Ceará,33,38.0,35,493,160,32.5,12.97,4.21,0.06,0.20,3,6,,,,,,,,2019,Série A
Chapecoense,36,38.0,31,507,137,27.0,13.34,3.61,0.05,0.20,4,5,,,,,,,,2019,Série A
Corinthians,33,38.0,41,488,143,29.3,12.84,3.76,0.08,0.26,4,4,,,,,,,,2019,Série A
Cruzeiro,35,38.0,27,504,148,29.4,13.26,3.89,0.05,0.16,4,5,,,,,,,,2019,Série A
CSA,40,38.0,24,412,111,26.9,10.84,2.92,0.05,0.18,4,5,,,,,,,,2019,Série A
Flamengo,37,38.0,85,578,209,36.2,15.21,5.50,0.14,0.38,6,8,,,,,,,,2019,Série A
Fluminense,39,38.0,35,565,175,31.0,14.87,4.61,0.05,0.18,4,5,,,,,,,,2019,Série A
Fortaleza,32,38.0,48,413,139,33.7,10.87,3.66,0.10,0.29,8,9,,,,,,,,2019,Série A
Goiás,39,38.0,44,502,142,28.3,13.21,3.74,0.08,0.28,4,4,,,,,,,,2019,Série A
Grêmio,40,38.0,63,514,181,35.2,13.53,4.76,0.11,0.31,7,9,,,,,,,,2019,Série A
Internacional,38,38.0,43,545,175,32.1,14.34,4.61,0.08,0.24,1,3,,,,,,,,2019,Série A
Palmeiras,35,38.0,61,577,205,35.5,15.18,5.39,0.10,0.27,5,6,,,,,,,,2019,Série A
Santos,30,38.0,58,577,202,35.0,15.18,5.32,0.09,0.26,5,7,,,,,,,,2019,Série A
São Paulo,36,38.0,39,517,167,32.3,13.61,4.39,0.07,0.22,3,4,,,,,,,,2019,Série A
Vasco da Gama,39,38.0,37,501,147,29.3,13.18,3.87,0.06,0.20,8,12,,,,,,,,2019,Série A
"Totals may not be complete for all senior-level play, see coverage note.",,,,,,,,,,,,,,,,,,,,2019,Série A
Squad Playing Time 2019 Série A,,,,,,,,,,,,,,,,,,,,2019,Série A
View Player Stats,,,,,,,,,,,,,,,,,,,,2019,Série A
Toggle Per90 Stats,,,,,,,,,,,,,,,,,,,,2019,Série A
Squad Stats,,,,,,,,,,,,,,,,,,,,2019,Série A
Opponent Stats,,,,,,,,,,,,,,,,,,,,2019,Série A
Squad,# Pl,Age,MP,Min,Mn/MP,Min%,90s,Starts,Mn/Start,Compl,Subs,Mn/Sub,unSub,PPM,onGA,+/-,+/-90,,,2019,Série A
Athletico Paranaense,36,26.2,38,3.42,90,100,38.0,418,84,,114,20,293,1.68,32,19,+0.50,,,2019,Série A
Atlético Mineiro,32,28.1,38,3.42,90,100,38.0,418,84,,113,22,321,1.26,49,-4,-0.11,,,2019,Série A
Avaí,42,26.7,38,3.42,90,100,38.0,418,83,,113,25,298,0.53,62,-44,-1.16,,,2019,Série A
Bahia,31,27.0,38,3.42,90,100,38.0,418,83,,112,23,321,1.29,43,1,+0.03,,,2019,Série A
Botafogo (RJ),33,26.9,38,3.42,90,100,38.0,418,84,,114,22,318,1.13,45,-14,-0.37,,,2019,Série A
Ceará,33,29.0,38,3.42,90,100,38.0,418,84,,114,23,293,1.03,41,-5,-0.13,,,2019,Série A
Chapecoense,36,28.8,38,3.42,90,100,38.0,418,83,,113,23,313,0.84,52,-21,-0.55,,,2019,Série A
Corinthians,33,28.0,38,3.42,90,100,38.0,418,85,,114,18,330,1.47,34,8,+0.21,,,2019,Série A
Cruzeiro,35,28.9,38,3.42,90,100,38.0,418,83,,113,26,311,0.95,46,-19,-0.50,,,2019,Série A
CSA,40,28.7,38,3.42,90,100,38.0,418,83,,113,25,255,0.84,58,-34,-0.89,,,2019,Série A
Flamengo,37,26.8,38,3.42,90,100,38.0,418,85,,111,20,341,2.37,37,49,+1.29,,,2019,Série A
Fluminense,39,25.1,38,3.42,90,100,38.0,418,84,,109,21,321,1.21,46,-8,-0.21,,,2019,Série A
Fortaleza,32,28.1,38,3.42,90,100,38.0,418,84,,113,23,330,1.39,49,1,+0.03,,,2019,Série A
Goiás,39,26.4,38,3.42,90,100,38.0,418,84,,114,22,310,1.37,64,-18,-0.47,,,2019,Série A
Grêmio,40,27.6,38,3.42,90,100,38.0,418,84,,112,20,302,1.71,39,25,+0.66,,,2019,Série A
Internacional,38,27.9,38,3.42,90,100,38.0,418,84,,112,22,330,1.50,39,5,+0.13,,,2019,Série A
Palmeiras,35,28.5,38,3.42,90,100,38.0,418,84,,112,23,340,1.95,32,29,+0.76,,,2019,Série A
Santos,30,26.5,38,3.42,90,100,38.0,418,84,,111,22,340,1.95,33,27,+0.71,,,2019,Série A
São Paulo,36,26.5,38,3.42,90,100,38.0,418,83,,110,24,340,1.66,30,9,+0.24,,,2019,Série A
Vasco da Gama,39,26.0,38,3.42,90,100,38.0,418,83,,114,26,339,1.29,45,-6,-0.16,,,2019,Série A
"Totals may not be complete for all senior-level play, see coverage note.",,,,,,,,,,,,,,,,,,,,2019,Série A
Squad Miscellaneous Stats 2019 Série A,,,,,,,,,,,,,,,,,,,,2019,Série A
View Player Stats,,,,,,,,,,,,,,,,,,,,2019,Série A
Toggle Per90 Stats,,,,,,,,,,,,,,,,,,,,2019,Série A
Squad Stats,,,,,,,,,,,,,,,,,,,,2019,Série A
Opponent Stats,,,,,,,,,,,,,,,,,,,,2019,Série A
Squad,# Pl,90s,CrdY,CrdR,2CrdY,Fls,Fld,Off,Crs,Int,TklW,PKwon,PKcon,OG,,,,,,2019,Série A
Athletico Paranaense,36,38.0,83,1,1,642,476,55,776,346,337,2,8,0,,,,,,2019,Série A
Atlético Mineiro,32,38.0,72,5,3,527,461,50,704,344,362,7,9,1,,,,,,2019,Série A
Avaí,42,38.0,79,10,2,574,544,46,709,513,393,5,7,1,,,,,,2019,Série A
Bahia,31,38.0,68,6,4,576,447,48,689,304,424,6,5,0,,,,,,2019,Série A
Botafogo (RJ),33,38.0,95,3,2,474,563,38,583,320,326,2,4,2,,,,,,2019,Série A
Ceará,33,38.0,86,2,1,529,468,66,791,367,402,4,2,1,,,,,,2019,Série A
Chapecoense,36,38.0,77,5,1,586,568,25,748,420,416,2,10,1,,,,,,2019,Série A
Corinthians,33,38.0,70,1,0,497,548,39,735,324,357,1,7,1,,,,,,2019,Série A
Cruzeiro,35,38.0,88,6,5,543,504,51,801,372,346,4,7,0,,,,,,2019,Série A
CSA,40,38.0,95,4,3,572,480,63,554,394,392,4,5,3,,,,,,2019,Série A
Flamengo,37,38.0,90,3,2,592,492,38,710,323,424,5,8,1,,,,,,2019,Série A
Fluminense,39,38.0,90,9,5,540,530,44,720,371,372,3,4,0,,,,,,2019,Série A
Fortaleza,32,38.0,86,6,5,496,523,42,584,323,323,7,7,1,,,,,,2019,Série A
Goiás,39,38.0,87,7,3,552,570,53,769,388,397,3,6,1,,,,,,2019,Série A
Grêmio,40,38.0,81,2,1,482,477,47,655,370,389,8,9,3,,,,,,2019,Série A
Internacional,38,38.0,94,3,0,533,468,71,772,401,426,1,5,1,,,,,,2019,Série A
Palmeiras,35,38.0,73,4,1,620,609,67,689,358,407,4,8,1,,,,,,2019,Série A
Santos,30,38.0,108,10,6,577,573,73,625,419,417,5,3,1,,,,,,2019,Série A
São Paulo,36,38.0,85,6,2,633,550,59,628,314,405,2,4,1,,,,,,2019,Série A
Vasco da Gama,39,38.0,103,4,2,618,586,46,694,367,399,9,4,3,,,,,,2019,Série A
1,Flamengo,38,21,8,9,68,48,20,71,1.87,,Gabriel Barbosa - 14,Hugo Souza,→ Copa Libertadores via league finish,,,,,,2020,Série A
2,Internacional,38,20,10,8,61,35,26,70,1.84,,Thiago Galhardo - 17,Marcelo Lomba,→ Copa Libertadores via league finish,,,,,,2020,Série A
3,Atlético Mineiro,38,20,8,10,64,45,19,68,1.79,,Keno - 10,Éverson,→ Copa Libertadores via league finish,,,,,,2020,Série A
4,São Paulo,38,18,12,8,59,41,18,66,1.74,,Luciano - 18,Tiago Volpi,→ Copa Libertadores via league finish,,,,,,2020,Série A
5,Fluminense,38,18,10,10,55,42,13,64,1.68,,Nenê - 8,"Muriel Becker, Marcos Felipe",→ Copa Libertadores via league finish,,,,,,2020,Série A
6,Grêmio,38,14,17,7,53,40,13,59,1.55,,Diego Souza - 13,Vanderlei,→ Copa Libertadores via league finish,,,,,,2020,Série A
7,Palmeiras,38,15,13,10,51,37,14,58,1.53,,Raphael Veiga - 11,Wéverton,→ Copa Libertadores via cup win,,,,,,2020,Série A
8,Santos,38,14,12,12,52,51,1,54,1.42,,Marinho - 17,João Paulo,→ Copa Libertadores via league finish,,,,,,2020,Série A
9,Athletico Paranaense,38,15,8,15,38,36,2,53,1.39,,Renato Kayser - 8,Santos,→ Copa Sudamericana via league finish,,,,,,2020,Série A
10,RB Bragantino,38,13,14,11,50,40,10,53,1.39,,Claudinho - 18,Cleiton Schwengber,→ Copa Sudamericana via league finish,,,,,,2020,Série A
11,Cearáá,38,14,10,14,54,51,3,52,1.37,,Vinícius - 13,Fernando Prass,→ Copa Sudamericana via league finish,,,,,,2020,Série A
12,Corinthians,38,13,12,13,45,45,0,51,1.34,,Jô - 6,Cássio,→ Copa Sudamericana via league finish,,,,,,2020,Série A
13,Atlético Goianiense,38,12,14,12,40,45,-5,50,1.32,,Jean - 5,Jean,→ Copa Sudamericana via league finish,,,,,,2020,Série A
14,Bahia,38,12,8,18,48,59,-11,44,1.16,,Gilberto - 9,Douglas Friedrich,→ Copa Sudamericana via league finish,,,,,,2020,Série A
15,Sport Recife,38,12,6,20,31,50,-19,42,1.11,,"Thiago Neves, Iago Maidana - 6",Luan Polli,,,,,,,2020,Série A
16,Fortaleza,38,10,11,17,34,44,-10,41,1.08,,Wellington Paulista - 9,Felipe Alves Raymundo,,,,,,,2020,Série A
17,Vasco da Gama,38,10,11,17,37,56,-19,41,1.08,,Germán Cano - 14,Fernando Miguel,Relegated,,,,,,2020,Série A
18,Goiás,38,9,10,19,41,63,-22,37,0.97,,Fernandão - 10,Tadeu,Relegated,,,,,,2020,Série A
19,Coritiba,38,7,10,21,31,54,-23,31,0.82,,Robson - 8,Wilson,Relegated,,,,,,2020,Série A
20,Botafogo (RJ),38,5,12,21,32,62,-30,27,0.71,,Matheus Babi - 10,Diego Cavalieri,Relegated,,,,,,2020,Série A
Squad Standard Stats 2020 Série A,,,,,,,,,,,,,,,,,,,,2020,Série A
View Player Stats,,,,,,,,,,,,,,,,,,,,2020,Série A
Toggle Per90 Stats,,,,,,,,,,,,,,,,,,,,2020,Série A
Squad Stats,,,,,,,,,,,,,,,,,,,,2020,Série A
Opponent Stats,,,,,,,,,,,,,,,,,,,,2020,Série A
Squad,# Pl,Age,Poss,MP,Starts,Min,90s,Gls,Ast,G+A,G-PK,PK,PKatt,CrdY,Gls,Ast,G+A,G-PK,G+A-PK,2020,Série A
Athletico Paranaense,41,25.4,53.8,38,418,3.42,38.0,38,27,65,38,0,1,80,1.00,0.71,1.71,1.00,1.71,2020,Série A
Atlético Goianiense,35,24.9,46.8,38,418,3.42,38.0,39,31,70,35,4,4,77,1.03,0.82,1.84,0.92,1.74,2020,Série A
Atlético Mineiro,34,25.8,60.6,38,418,3.42,38.0,60,42,102,52,8,13,64,1.58,1.11,2.68,1.37,2.47,2020,Série A
Bahia,39,27.3,46.8,38,418,3.42,38.0,48,35,83,43,5,8,84,1.26,0.92,2.18,1.13,2.05,2020,Série A
Botafogo (RJ),45,24.9,47.8,38,418,3.42,38.0,32,17,49,26,6,7,72,0.84,0.45,1.29,0.68,1.13,2020,Série A
Ceará,34,27.9,43.6,38,418,3.42,38.0,52,37,89,46,6,7,93,1.37,0.97,2.34,1.21,2.18,2020,Série A
Corinthians,36,27.6,49.9,38,418,3.42,38.0,44,34,78,40,4,5,85,1.16,0.89,2.05,1.05,1.95,2020,Série A
Coritiba,47,26.7,46.6,38,418,3.42,38.0,31,21,52,26,5,6,87,0.82,0.55,1.37,0.68,1.24,2020,Série A
Flamengo,38,26.6,60.3,38,418,3.42,38.0,67,50,117,60,7,10,88,1.76,1.32,3.08,1.58,2.89,2020,Série A
Fluminense,37,26.8,48.7,38,418,3.42,38.0,52,34,86,46,6,7,85,1.37,0.89,2.26,1.21,2.11,2020,Série A
Fortaleza,31,28.9,49.8,38,418,3.42,38.0,33,24,57,28,5,8,83,0.87,0.63,1.50,0.74,1.37,2020,Série A
Goiás,49,26.0,42.4,38,418,3.42,38.0,39,21,60,35,4,5,114,1.03,0.55,1.58,0.92,1.47,2020,Série A
Grêmio,37,27.8,52.4,38,418,3.42,38.0,51,35,86,46,5,7,81,1.34,0.92,2.26,1.21,2.13,2020,Série A
Internacional,39,27.1,49.4,38,418,3.42,38.0,59,40,99,50,9,10,91,1.55,1.05,2.61,1.32,2.37,2020,Série A
Palmeiras,36,26.4,52.1,38,418,3.42,38.0,51,33,84,46,5,7,92,1.34,0.87,2.21,1.21,2.08,2020,Série A
RB Bragantino,35,25.3,49.4,38,418,3.42,38.0,50,35,85,46,4,8,73,1.32,0.92,2.24,1.21,2.13,2020,Série A
Santos,40,24.6,50.7,38,418,3.42,38.0,49,32,81,38,11,13,82,1.29,0.84,2.13,1.00,1.84,2020,Série A
São Paulo,28,26.5,57.2,38,418,3.42,38.0,59,36,95,53,6,7,90,1.55,0.95,2.50,1.39,2.34,2020,Série A
Sport Recife,38,27.0,45.0,38,418,3.42,38.0,31,18,49,23,8,8,88,0.82,0.47,1.29,0.61,1.08,2020,Série A
Vasco da Gama,34,26.2,46.6,38,418,3.42,38.0,37,20,57,34,3,4,87,0.97,0.53,1.50,0.89,1.42,2020,Série A
"Totals may not be complete for all senior-level play, see coverage note.",,,,,,,,,,,,,,,,,,,,2020,Série A
Squad Goalkeeping 2020 Série A,,,,,,,,,,,,,,,,,,,,2020,Série A
View Player Stats,,,,,,,,,,,,,,,,,,,,2020,Série A
Toggle Per90 Stats,,,,,,,,,,,,,,,,,,,,2020,Série A
Squad Stats,,,,,,,,,,,,,,,,,,,,2020,Série A
Opponent Stats,,,,,,,,,,,,,,,,,,,,2020,Série A
Squad,# Pl,MP,Starts,Min,90s,GA,GA90,SoTA,Saves,Save%,W,D,L,CS,PKatt,PKA,PKsv,PKm,Save%,2020,Série A
Athletico Paranaense,3,38,38,3.42,38.0,36,0.95,151,115,78.1,15,8,15,14,6,3,3,0,50.0,2020,Série A
Atlético Goianiense,2,38,38,3.42,38.0,45,1.18,154,108,74.7,12,14,12,9,8,6,2,0,25.0,2020,Série A
Atlético Mineiro,3,38,38,3.417,38.0,45,1.19,139,94,69.1,20,8,10,14,3,2,0,1,0.0,2020,Série A
Bahia,3,38,38,3.42,38.0,59,1.55,168,108,67.9,12,8,18,7,6,5,1,0,16.7,2020,Série A
Botafogo (RJ),4,38,38,3.42,38.0,62,1.63,181,117,70.7,5,12,21,5,14,9,3,2,25.0,2020,Série A
Ceará,2,38,38,3.42,38.0,51,1.34,176,125,76.7,14,10,14,11,11,10,0,1,0.0,2020,Série A
Corinthians,2,38,38,3.419,38.0,45,1.18,174,130,76.4,13,12,13,14,5,4,0,1,0.0,2020,Série A
Coritiba,2,38,38,3.419,38.0,54,1.42,177,123,73.4,7,10,21,9,10,7,3,0,30.0,2020,Série A
Flamengo,4,38,38,3.418,38.0,48,1.26,146,100,69.2,21,8,9,9,3,3,0,0,0.0,2020,Série A
Fluminense,2,38,38,3.42,38.0,42,1.11,132,91,72.0,18,10,10,11,5,5,0,0,0.0,2020,Série A
Fortaleza,2,38,38,3.42,38.0,44,1.16,148,101,73.0,10,11,17,13,9,4,4,1,50.0,2020,Série A
Goiás,2,38,38,3.42,38.0,63,1.66,203,141,71.4,9,10,19,10,6,5,1,0,16.7,2020,Série A
Grêmio,3,38,38,3.42,38.0,40,1.05,135,95,77.8,14,17,7,11,10,10,0,0,0.0,2020,Série A
Internacional,3,38,38,3.42,38.0,35,0.92,105,71,70.5,20,10,8,15,5,4,0,1,0.0,2020,Série A
Palmeiras,3,38,38,3.42,38.0,37,0.97,141,106,77.3,15,13,10,12,5,5,0,0,0.0,2020,Série A
RB Bragantino,2,38,38,3.42,38.0,40,1.05,135,95,74.8,13,14,11,11,8,6,1,1,14.3,2020,Série A
Santos,3,38,38,3.42,38.0,51,1.34,162,111,74.7,14,12,12,7,10,10,0,0,0.0,2020,Série A
São Paulo,1,38,38,3.42,38.0,41,1.08,141,97,70.9,18,12,8,10,5,0,3,2,100.0,2020,Série A
Sport Recife,2,38,38,3.42,38.0,50,1.32,193,147,76.7,12,6,20,10,5,5,0,0,0.0,2020,Série A
Vasco da Gama,2,38,38,3.42,38.0,56,1.47,187,129,74.3,10,11,17,11,11,8,2,1,20.0,2020,Série A
"Totals may not be complete for all senior-level play, see coverage note.",,,,,,,,,,,,,,,,,,,,2020,Série A
Become a Stathead & surf this site ad-free.,,,,,,,,,,,,,,,,,,,,2020,Série A
Squad Shooting 2020 Série A,,,,,,,,,,,,,,,,,,,,2020,Série A
View Player Stats,,,,,,,,,,,,,,,,,,,,2020,Série A
Toggle Per90 Stats,,,,,,,,,,,,,,,,,,,,2020,Série A
Squad Stats,,,,,,,,,,,,,,,,,,,,2020,Série A
Opponent Stats,,,,,,,,,,,,,,,,,,,,2020,Série A
Squad,# Pl,90s,Gls,Sh,SoT,SoT%,Sh/90,SoT/90,G/Sh,G/SoT,PK,PKatt,,,,,,,,2020,Série A
Athletico Paranaense,41,38.0,38,439,144,32.8,11.55,3.79,0.09,0.26,0,1,,,,,,,,2020,Série A
Atlético Goianiense,35,38.0,39,459,143,31.2,12.08,3.76,0.08,0.24,4,4,,,,,,,,2020,Série A
Atlético Mineiro,34,38.0,60,621,198,31.9,16.34,5.21,0.08,0.26,8,13,,,,,,,,2020,Série A
Bahia,39,38.0,48,506,171,33.8,13.32,4.50,0.08,0.25,5,8,,,,,,,,2020,Série A
Botafogo (RJ),45,38.0,32,515,144,28.0,13.55,3.79,0.05,0.18,6,7,,,,,,,,2020,Série A
Ceará,34,38.0,52,450,148,32.9,11.84,3.89,0.10,0.31,6,7,,,,,,,,2020,Série A
Corinthians,36,38.0,44,471,172,36.5,12.39,4.53,0.08,0.23,4,5,,,,,,,,2020,Série A
Coritiba,47,38.0,31,387,104,26.9,10.18,2.74,0.07,0.25,5,6,,,,,,,,2020,Série A
Flamengo,38,38.0,67,569,199,35.0,14.97,5.24,0.11,0.30,7,10,,,,,,,,2020,Série A
Fluminense,37,38.0,52,436,141,32.3,11.47,3.71,0.11,0.33,6,7,,,,,,,,2020,Série A
Fortaleza,31,38.0,33,405,118,29.1,10.66,3.11,0.07,0.24,5,8,,,,,,,,2020,Série A
Goiás,49,38.0,39,416,129,31.0,10.95,3.39,0.08,0.27,4,5,,,,,,,,2020,Série A
Grêmio,37,38.0,51,507,157,31.0,13.34,4.13,0.09,0.29,5,7,,,,,,,,2020,Série A
Internacional,39,38.0,59,441,151,34.2,11.61,3.97,0.11,0.33,9,10,,,,,,,,2020,Série A
Palmeiras,36,38.0,51,515,156,30.3,13.55,4.11,0.09,0.29,5,7,,,,,,,,2020,Série A
RB Bragantino,35,38.0,50,581,180,31.0,15.29,4.74,0.08,0.26,4,8,,,,,,,,2020,Série A
Santos,40,38.0,49,423,148,35.0,11.13,3.89,0.09,0.26,11,13,,,,,,,,2020,Série A
São Paulo,28,38.0,59,549,187,34.1,14.45,4.92,0.10,0.28,6,7,,,,,,,,2020,Série A
Sport Recife,38,38.0,31,368,90,24.5,9.68,2.37,0.06,0.26,8,8,,,,,,,,2020,Série A
Vasco da Gama,34,38.0,37,391,134,34.3,10.29,3.53,0.09,0.25,3,4,,,,,,,,2020,Série A
"Totals may not be complete for all senior-level play, see coverage note.",,,,,,,,,,,,,,,,,,,,2020,Série A
Squad Playing Time 2020 Série A,,,,,,,,,,,,,,,,,,,,2020,Série A
View Player Stats,,,,,,,,,,,,,,,,,,,,2020,Série A
Toggle Per90 Stats,,,,,,,,,,,,,,,,,,,,2020,Série A
Squad Stats,,,,,,,,,,,,,,,,,,,,2020,Série A
Opponent Stats,,,,,,,,,,,,,,,,,,,,2020,Série A
Squad,# Pl,Age,MP,Min,Mn/MP,Min%,90s,Starts,Mn/Start,Compl,Subs,Mn/Sub,unSub,PPM,onGA,+/-,+/-90,,,2020,Série A
Athletico Paranaense,41,25.4,38,3.42,90,100,38.0,418,81,235,180,20,265,1.39,36,2,+0.05,,,2020,Série A
Atlético Goianiense,35,24.9,38,3.42,90,100,38.0,418,82,239,176,19,193,1.32,45,-5,-0.13,,,2020,Série A
Atlético Mineiro,34,25.8,38,3.42,90,100,38.0,418,82,257,159,20,291,1.79,45,19,+0.50,,,2020,Série A
Bahia,39,27.3,38,3.42,90,100,38.0,418,80,238,180,22,258,1.16,59,-11,-0.29,,,2020,Série A
Botafogo (RJ),45,24.9,38,3.42,90,100,38.0,418,81,248,167,23,264,0.71,62,-30,-0.79,,,2020,Série A
Ceará,34,27.9,38,3.42,90,100,38.0,418,82,238,177,19,271,1.37,51,3,+0.08,,,2020,Série A
Corinthians,36,27.6,38,3.42,90,100,38.0,418,80,226,184,22,262,1.34,45,0,0.00,,,2020,Série A
Coritiba,47,26.7,38,3.42,90,100,38.0,418,80,238,173,23,252,0.82,54,-23,-0.61,,,2020,Série A
Flamengo,38,26.6,38,3.42,90,100,38.0,418,84,261,154,16,288,1.87,48,20,+0.53,,,2020,Série A
Fluminense,37,26.8,38,3.42,90,100,38.0,418,82,249,167,21,273,1.68,42,13,+0.34,,,2020,Série A
Fortaleza,31,28.9,38,3.42,90,100,38.0,418,81,230,181,19,265,1.08,44,-10,-0.26,,,2020,Série A
Goiás,49,26.0,38,3.42,90,100,38.0,418,80,251,164,24,227,0.97,63,-22,-0.58,,,2020,Série A
Grêmio,37,27.8,38,3.42,90,100,38.0,418,82,246,166,19,271,1.55,40,13,+0.34,,,2020,Série A
Internacional,39,27.1,38,3.42,90,100,38.0,418,81,243,169,20,277,1.84,35,26,+0.68,,,2020,Série A
Palmeiras,36,26.4,38,3.42,90,100,38.0,418,80,240,174,24,245,1.53,37,14,+0.37,,,2020,Série A
RB Bragantino,35,25.3,38,3.42,90,100,38.0,418,82,246,174,17,247,1.39,40,10,+0.26,,,2020,Série A
Santos,40,24.6,38,3.42,90,100,38.0,418,81,245,172,21,261,1.42,51,1,+0.03,,,2020,Série A
São Paulo,28,26.5,38,3.42,90,100,38.0,418,82,254,162,20,282,1.74,41,18,+0.47,,,2020,Série A
Sport Recife,38,27.0,38,3.42,90,100,38.0,418,81,237,179,21,256,1.11,50,-19,-0.50,,,2020,Série A
Vasco da Gama,34,26.2,38,3.42,90,100,38.0,418,80,238,176,22,274,1.08,56,-19,-0.50,,,2020,Série A
"Totals may not be complete for all senior-level play, see coverage note.",,,,,,,,,,,,,,,,,,,,2020,Série A
Squad Miscellaneous Stats 2020 Série A,,,,,,,,,,,,,,,,,,,,2020,Série A
View Player Stats,,,,,,,,,,,,,,,,,,,,2020,Série A
Toggle Per90 Stats,,,,,,,,,,,,,,,,,,,,2020,Série A
Squad Stats,,,,,,,,,,,,,,,,,,,,2020,Série A
Opponent Stats,,,,,,,,,,,,,,,,,,,,2020,Série A
Squad,# Pl,90s,CrdY,CrdR,2CrdY,Fls,Fld,Off,Crs,Int,TklW,PKwon,PKcon,OG,,,,,,2020,Série A
Athletico Paranaense,41,38.0,80,3,1,642,481,68,659,372,314,0,6,2,,,,,,2020,Série A
Atlético Goianiense,35,38.0,77,5,1,590,579,54,810,425,298,3,8,1,,,,,,2020,Série A
Atlético Mineiro,34,38.0,64,3,1,563,484,74,883,430,331,10,3,0,,,,,,2020,Série A
Bahia,39,38.0,84,6,1,558,549,54,751,414,347,7,6,0,,,,,,2020,Série A
Botafogo (RJ),45,38.0,72,6,2,576,579,54,757,384,311,3,14,1,,,,,,2020,Série A
Ceará,34,38.0,93,7,5,585,473,55,607,439,368,7,11,0,,,,,,2020,Série A
Corinthians,36,38.0,85,8,2,624,508,51,741,470,337,4,5,1,,,,,,2020,Série A
Coritiba,47,38.0,87,8,4,596,595,57,630,411,347,5,10,3,,,,,,2020,Série A
Flamengo,38,38.0,88,3,0,634,618,56,783,442,380,7,3,2,,,,,,2020,Série A
Fluminense,37,38.0,85,4,1,569,649,53,647,472,369,4,5,1,,,,,,2020,Série A
Fortaleza,31,38.0,83,8,3,582,542,57,600,358,292,6,9,1,,,,,,2020,Série A
Goiás,49,38.0,114,4,3,636,533,54,600,452,344,1,6,2,,,,,,2020,Série A
Grêmio,37,38.0,81,8,6,511,614,41,668,410,336,7,10,0,,,,,,2020,Série A
Internacional,39,38.0,91,8,1,666,551,61,779,446,329,4,5,1,,,,,,2020,Série A
Palmeiras,36,38.0,92,5,2,632,561,76,773,439,345,3,5,2,,,,,,2020,Série A
RB Bragantino,35,38.0,73,4,0,617,494,41,820,536,383,3,8,1,,,,,,2020,Série A
Santos,40,38.0,82,5,2,596,683,64,741,447,337,6,10,0,,,,,,2020,Série A
São Paulo,28,38.0,90,2,0,589,575,58,896,377,280,3,5,0,,,,,,2020,Série A
Sport Recife,38,38.0,88,4,0,567,565,53,675,486,307,4,5,4,,,,,,2020,Série A
Vasco da Gama,34,38.0,87,6,2,568,602,54,643,432,337,3,11,0,,,,,,2020,Série A
1,Atlético Mineiro,38,26,6,6,67,34,33,84,2.21,21.827,Hulk - 19,Éverson,→ Copa Libertadores via league finish,,,,,,2021,Série A
2,Flamengo,38,21,8,9,69,36,33,71,1.87,10.419,Michael - 14,Diego Alves,→ Copa Libertadores via league finish,,,,,,2021,Série A
3,Palmeiras,38,20,6,12,58,43,15,66,1.74,5.85,Raphael Veiga - 10,Wéverton,→ Copa Libertadores via cup win,,,,,,2021,Série A
4,Fortaleza,38,17,7,14,44,45,-1,58,1.53,9.133,Robson - 10,Felipe Alves Raymundo,→ Copa Libertadores via league finish,,,,,,2021,Série A
5,Corinthians,38,15,12,11,40,36,4,57,1.50,13.772,"Jô, Roger Guedes - 7",Cássio,→ Copa Libertadores via league finish,,,,,,2021,Série A
6,RB Bragantino,38,14,14,10,55,46,9,56,1.47,1.032,"Ytalo, Artur - 12",Cleiton Schwengber,→ Copa Libertadores via league finish,,,,,,2021,Série A
7,Fluminense,38,15,9,14,38,38,0,54,1.42,5.647,Luiz Henrique - 6,Marcos Felipe,→ Copa Libertadores via league finish,,,,,,2021,Série A
8,América–MG,38,13,14,11,41,37,4,53,1.39,1.223,Ademir Santos - 13,Matheus Cavichioli,→ Copa Libertadores via league finish,,,,,,2021,Série A
9,Atlético Goianiense,38,13,14,11,33,36,-3,53,1.39,2.506,Zé Roberto - 6,Fernando Miguel,→ Copa Sudamericana via league finish,,,,,,2021,Série A
10,Santos,38,12,14,12,35,40,-5,50,1.32,3.527,Marinho - 6,João Paulo,→ Copa Sudamericana via league finish,,,,,,2021,Série A
11,Cearáá,38,11,17,10,39,38,1,50,1.32,7.926,Vinícius - 8,Richard,→ Copa Sudamericana via league finish,,,,,,2021,Série A
12,Internacional,38,12,12,14,44,42,2,48,1.26,6.623,Yuri Alberto - 12,Daniel,→ Copa Sudamericana via league finish,,,,,,2021,Série A
13,São Paulo,38,11,15,12,31,39,-8,48,1.26,11.89,Jonathan Calleri - 5,Tiago Volpi,→ Copa Sudamericana via league finish,,,,,,2021,Série A
14,Athletico Paranaense,38,13,8,17,41,45,-4,47,1.24,3.362,"David Terans, Renato Kayser - 6",Santos,→ Copa Libertadores,,,,,,2021,Série A
15,Cuiabáá,38,10,17,11,34,37,-3,47,1.24,4.164,Élton Rodrigues Brandão - 9,Walter,→ Copa Sudamericana via league finish,,,,,,2021,Série A
16,Juventude,38,11,13,14,36,44,-8,46,1.21,2.768,"Ricardo Bueno, Matheus Peixoto - 7",Marcelo Carné,,,,,,,2021,Série A
17,Grêmio,38,12,7,19,44,51,-7,43,1.13,3.956,Diego Souza - 10,Gabriel Chapecó,Relegated,,,,,,2021,Série A
18,Bahia,38,11,10,17,42,51,-9,43,1.13,7.738,Gilberto - 15,"Danilo Fernandes, Matheus Teixeira",Relegated,,,,,,2021,Série A
19,Sport Recife,38,9,11,18,24,37,-13,38,1.00,2.177,Mikael - 8,Mailson,Relegated,,,,,,2021,Série A
20,Chapecoense,38,1,12,25,27,67,-40,15,0.39,725,Mike - 5,João Paulo,Relegated,,,,,,2021,Série A
Squad Standard Stats 2021 Série A,,,,,,,,,,,,,,,,,,,,2021,Série A
View Player Stats,,,,,,,,,,,,,,,,,,,,2021,Série A
Toggle Per90 Stats,,,,,,,,,,,,,,,,,,,,2021,Série A
Squad Stats,,,,,,,,,,,,,,,,,,,,2021,Série A
Opponent Stats,,,,,,,,,,,,,,,,,,,,2021,Série A
Squad,# Pl,Age,Poss,MP,Starts,Min,90s,Gls,Ast,G+A,G-PK,PK,PKatt,CrdY,Gls,Ast,G+A,G-PK,G+A-PK,2021,Série A
América–MG,36,29.2,47.6,38,418,3.42,38.0,41,27,68,35,6,9,64,1.08,0.71,1.79,0.92,1.63,2021,Série A
Athletico Paranaense,40,25.2,49.0,38,418,3.42,38.0,41,31,72,39,2,2,83,1.08,0.82,1.89,1.03,1.84,2021,Série A
Atlético Goianiense,31,26.5,49.4,38,418,3.42,38.0,32,20,52,28,4,4,89,0.84,0.53,1.37,0.74,1.26,2021,Série A
Atlético Mineiro,35,27.8,56.2,38,418,3.42,38.0,67,47,114,57,10,11,79,1.76,1.24,3.00,1.50,2.74,2021,Série A
Bahia,38,27.2,47.1,38,418,3.42,38.0,42,29,71,38,4,5,94,1.11,0.76,1.87,1.00,1.76,2021,Série A
Ceará,38,27.2,46.6,38,418,3.42,38.0,38,23,61,35,3,4,89,1.00,0.61,1.61,0.92,1.53,2021,Série A
Chapecoense,42,25.5,42.6,38,418,3.42,38.0,26,17,43,22,4,5,77,0.68,0.45,1.13,0.58,1.03,2021,Série A
Corinthians,33,28.3,54.6,38,418,3.42,38.0,39,29,68,34,5,6,62,1.03,0.76,1.79,0.89,1.66,2021,Série A
Cuiabá,30,28.5,46.3,38,418,3.42,38.0,32,20,52,28,4,4,87,0.84,0.53,1.37,0.74,1.26,2021,Série A
Flamengo,41,27.4,58.5,38,418,3.42,38.0,67,55,122,64,3,4,84,1.76,1.45,3.21,1.68,3.13,2021,Série A
Fluminense,36,26.5,49.7,38,418,3.42,38.0,37,27,64,33,4,5,85,0.97,0.71,1.68,0.87,1.58,2021,Série A
Fortaleza,28,27.8,49.9,38,418,3.42,38.0,43,26,69,39,4,7,90,1.13,0.68,1.82,1.03,1.71,2021,Série A
Grêmio,39,26.9,51.9,38,418,3.42,38.0,43,33,76,40,3,7,102,1.13,0.87,2.00,1.05,1.92,2021,Série A
Internacional,36,26.2,50.8,38,418,3.42,38.0,43,33,76,37,6,6,105,1.13,0.87,2.00,0.97,1.84,2021,Série A
Juventude,35,27.2,44.6,38,418,3.42,38.0,34,18,52,29,5,6,89,0.89,0.47,1.37,0.76,1.24,2021,Série A
Palmeiras,46,26.8,50.1,38,418,3.42,38.0,54,41,95,50,4,5,84,1.42,1.08,2.50,1.32,2.39,2021,Série A
RB Bragantino,39,23.8,49.6,38,418,3.42,38.0,53,44,97,51,2,4,89,1.39,1.16,2.55,1.34,2.50,2021,Série A
Santos,38,25.6,53.4,38,418,3.42,38.0,34,22,56,28,6,8,90,0.89,0.58,1.47,0.74,1.32,2021,Série A
São Paulo,31,26.5,56.1,38,418,3.42,38.0,30,20,50,26,4,4,95,0.79,0.53,1.32,0.68,1.21,2021,Série A
Sport Recife,38,26.1,46.0,38,418,3.42,38.0,24,15,39,21,3,4,89,0.63,0.39,1.03,0.55,0.95,2021,Série A
"Totals may not be complete for all senior-level play, see coverage note.",,,,,,,,,,,,,,,,,,,,2021,Série A
Squad Goalkeeping 2021 Série A,,,,,,,,,,,,,,,,,,,,2021,Série A
View Player Stats,,,,,,,,,,,,,,,,,,,,2021,Série A
Toggle Per90 Stats,,,,,,,,,,,,,,,,,,,,2021,Série A
Squad Stats,,,,,,,,,,,,,,,,,,,,2021,Série A
Opponent Stats,,,,,,,,,,,,,,,,,,,,2021,Série A
Squad,# Pl,MP,Starts,Min,90s,GA,GA90,SoTA,Saves,Save%,W,D,L,CS,PKatt,PKA,PKsv,PKm,Save%,2021,Série A
América–MG,2,38,38,3.42,38.0,37,0.97,163,125,79.1,13,14,11,13,4,3,1,0,25.0,2021,Série A
Athletico Paranaense,2,38,38,3.42,38.0,45,1.18,141,97,71.6,13,8,17,9,6,5,1,0,16.7,2021,Série A
Atlético Goianiense,3,38,38,3.42,38.0,36,0.95,151,114,78.8,13,14,11,16,6,4,2,0,33.3,2021,Série A
Atlético Mineiro,2,38,38,3.42,38.0,34,0.89,117,84,73.5,26,6,6,16,5,3,1,1,25.0,2021,Série A
Bahia,3,38,38,3.42,38.0,51,1.34,164,113,74.4,11,10,17,13,9,9,0,0,0.0,2021,Série A
Ceará,3,38,38,3.42,38.0,38,1.00,142,104,75.4,11,17,10,15,6,3,1,2,25.0,2021,Série A
Chapecoense,3,38,38,3.42,38.0,67,1.76,206,140,71.4,1,12,25,3,8,8,0,0,0.0,2021,Série A
Corinthians,2,38,38,3.42,38.0,36,0.95,160,124,79.4,15,12,11,12,3,3,0,0,0.0,2021,Série A
Cuiabá,2,38,38,3.42,38.0,37,0.97,153,115,76.5,10,17,11,15,3,1,1,1,50.0,2021,Série A
Flamengo,3,38,38,3.42,38.0,36,0.95,141,104,74.5,21,8,9,14,1,0,1,0,100.0,2021,Série A
Fluminense,2,38,38,3.42,38.0,38,1.00,144,108,79.9,15,9,14,12,9,9,0,0,0.0,2021,Série A
Fortaleza,2,38,38,3.42,38.0,45,1.18,153,109,75.2,17,7,14,14,9,7,1,1,12.5,2021,Série A
Grêmio,3,38,38,3.42,38.0,51,1.34,159,108,70.4,12,7,19,10,5,4,1,0,20.0,2021,Série A
Internacional,2,38,38,3.42,38.0,42,1.11,161,121,77.0,12,12,14,11,5,5,0,0,0.0,2021,Série A
Juventude,2,38,38,3.42,38.0,44,1.16,131,89,69.5,11,13,14,12,5,4,0,1,0.0,2021,Série A
Palmeiras,3,38,38,3.42,38.0,43,1.13,156,112,75.0,20,6,12,13,6,4,1,1,20.0,2021,Série A
RB Bragantino,2,38,38,3.42,38.0,46,1.21,171,125,74.9,14,14,10,11,5,3,1,1,25.0,2021,Série A
Santos,3,38,38,3.42,38.0,40,1.05,157,116,78.3,12,14,12,17,9,6,2,1,25.0,2021,Série A
São Paulo,1,38,38,3.42,38.0,39,1.03,150,111,74.0,11,15,12,14,1,0,1,0,100.0,2021,Série A
Sport Recife,2,38,38,3.42,38.0,37,0.97,178,144,82.0,9,11,18,14,5,5,0,0,0.0,2021,Série A
"Totals may not be complete for all senior-level play, see coverage note.",,,,,,,,,,,,,,,,,,,,2021,Série A
Become a Stathead & surf this site ad-free.,,,,,,,,,,,,,,,,,,,,2021,Série A
Squad Shooting 2021 Série A,,,,,,,,,,,,,,,,,,,,2021,Série A
View Player Stats,,,,,,,,,,,,,,,,,,,,2021,Série A
Toggle Per90 Stats,,,,,,,,,,,,,,,,,,,,2021,Série A
Squad Stats,,,,,,,,,,,,,,,,,,,,2021,Série A
Opponent Stats,,,,,,,,,,,,,,,,,,,,2021,Série A
Squad,# Pl,90s,Gls,Sh,SoT,SoT%,Sh/90,SoT/90,G/Sh,G/SoT,PK,PKatt,,,,,,,,2021,Série A
América–MG,36,38.0,41,569,157,27.6,14.97,4.13,0.06,0.22,6,9,,,,,,,,2021,Série A
Athletico Paranaense,40,38.0,41,506,137,27.1,13.32,3.61,0.08,0.28,2,2,,,,,,,,2021,Série A
Atlético Goianiense,31,38.0,32,401,108,26.9,10.55,2.84,0.07,0.26,4,4,,,,,,,,2021,Série A
Atlético Mineiro,35,38.0,67,527,173,32.8,13.87,4.55,0.11,0.33,10,11,,,,,,,,2021,Série A
Bahia,38,38.0,42,466,144,30.9,12.26,3.79,0.08,0.26,4,5,,,,,,,,2021,Série A
Ceará,38,38.0,38,507,161,31.8,13.34,4.24,0.07,0.22,3,4,,,,,,,,2021,Série A
Chapecoense,42,38.0,26,399,115,28.8,10.50,3.03,0.06,0.19,4,5,,,,,,,,2021,Série A
Corinthians,33,38.0,39,406,139,34.2,10.68,3.66,0.08,0.24,5,6,,,,,,,,2021,Série A
Cuiabá,30,38.0,32,413,124,30.0,10.87,3.26,0.07,0.23,4,4,,,,,,,,2021,Série A
Flamengo,41,38.0,67,578,224,38.8,15.21,5.89,0.11,0.29,3,4,,,,,,,,2021,Série A
Fluminense,36,38.0,37,411,137,33.3,10.82,3.61,0.08,0.24,4,5,,,,,,,,2021,Série A
Fortaleza,28,38.0,43,533,172,32.3,14.03,4.53,0.07,0.23,4,7,,,,,,,,2021,Série A
Grêmio,39,38.0,43,549,169,30.8,14.45,4.45,0.07,0.24,3,7,,,,,,,,2021,Série A
Internacional,36,38.0,43,458,160,34.9,12.05,4.21,0.08,0.23,6,6,,,,,,,,2021,Série A
Juventude,35,38.0,34,410,124,30.2,10.79,3.26,0.07,0.23,5,6,,,,,,,,2021,Série A
Palmeiras,46,38.0,54,544,177,32.5,14.32,4.66,0.09,0.28,4,5,,,,,,,,2021,Série A
RB Bragantino,39,38.0,53,500,160,32.0,13.16,4.21,0.10,0.32,2,4,,,,,,,,2021,Série A
Santos,38,38.0,34,462,136,29.4,12.16,3.58,0.06,0.21,6,8,,,,,,,,2021,Série A
São Paulo,31,38.0,30,447,148,33.1,11.76,3.89,0.06,0.18,4,4,,,,,,,,2021,Série A
Sport Recife,38,38.0,24,462,132,28.6,12.16,3.47,0.05,0.16,3,4,,,,,,,,2021,Série A
"Totals may not be complete for all senior-level play, see coverage note.",,,,,,,,,,,,,,,,,,,,2021,Série A
Squad Playing Time 2021 Série A,,,,,,,,,,,,,,,,,,,,2021,Série A
View Player Stats,,,,,,,,,,,,,,,,,,,,2021,Série A
Toggle Per90 Stats,,,,,,,,,,,,,,,,,,,,2021,Série A
Squad Stats,,,,,,,,,,,,,,,,,,,,2021,Série A
Opponent Stats,,,,,,,,,,,,,,,,,,,,2021,Série A
Squad,# Pl,Age,MP,Min,Mn/MP,Min%,90s,Starts,Mn/Start,Compl,Subs,Mn/Sub,unSub,PPM,onGA,+/-,+/-90,,,2021,Série A
América–MG,36,29.2,38,3.42,90,100,38.0,418,82,237,182,19,262,1.39,37,4,+0.11,,,2021,Série A
Athletico Paranaense,40,25.2,38,3.42,90,100,38.0,418,81,241,175,20,270,1.24,45,-4,-0.11,,,2021,Série A
Atlético Goianiense,31,26.5,38,3.42,90,100,38.0,418,81,251,168,22,199,1.39,36,-3,-0.08,,,2021,Série A
Atlético Mineiro,35,27.8,38,3.42,90,100,38.0,418,82,238,181,19,262,2.21,34,33,+0.87,,,2021,Série A
Bahia,38,27.2,38,3.42,90,100,38.0,418,82,240,175,19,274,1.13,51,-9,-0.24,,,2021,Série A
Ceará,38,27.2,38,3.42,90,100,38.0,418,81,236,181,20,274,1.32,38,1,+0.03,,,2021,Série A
Chapecoense,42,25.5,38,3.42,90,100,38.0,418,79,234,182,25,226,0.39,67,-40,-1.05,,,2021,Série A
Corinthians,33,28.3,38,3.42,90,100,38.0,418,83,270,147,18,306,1.50,36,4,+0.11,,,2021,Série A
Cuiabá,30,28.5,38,3.42,90,100,38.0,418,79,227,187,24,249,1.24,37,-3,-0.08,,,2021,Série A
Flamengo,41,27.4,38,3.42,90,100,38.0,418,83,249,166,18,275,1.87,36,33,+0.87,,,2021,Série A
Fluminense,36,26.5,38,3.42,90,100,38.0,418,82,233,185,18,270,1.42,38,0,0.00,,,2021,Série A
Fortaleza,28,27.8,38,3.42,90,100,38.0,418,82,246,172,20,277,1.53,45,-1,-0.03,,,2021,Série A
Grêmio,39,26.9,38,3.42,90,100,38.0,418,81,242,172,21,282,1.13,51,-7,-0.18,,,2021,Série A
Internacional,36,26.2,38,3.42,90,100,38.0,418,80,251,162,24,247,1.26,42,2,+0.05,,,2021,Série A
Juventude,35,27.2,38,3.42,90,100,38.0,418,82,245,171,18,274,1.21,44,-8,-0.21,,,2021,Série A
Palmeiras,46,26.8,38,3.42,90,100,38.0,418,80,236,177,22,238,1.74,43,15,+0.39,,,2021,Série A
RB Bragantino,39,23.8,38,3.42,90,100,38.0,418,83,257,161,17,291,1.47,46,9,+0.24,,,2021,Série A
Santos,38,25.6,38,3.42,90,100,38.0,418,81,253,165,21,289,1.32,40,-5,-0.13,,,2021,Série A
São Paulo,31,26.5,38,3.42,90,100,38.0,418,81,243,172,22,274,1.26,39,-8,-0.21,,,2021,Série A
Sport Recife,38,26.1,38,3.42,90,100,38.0,418,81,254,161,22,259,1.00,37,-13,-0.34,,,2021,Série A
"Totals may not be complete for all senior-level play, see coverage note.",,,,,,,,,,,,,,,,,,,,2021,Série A
Squad Miscellaneous Stats 2021 Série A,,,,,,,,,,,,,,,,,,,,2021,Série A
View Player Stats,,,,,,,,,,,,,,,,,,,,2021,Série A
Toggle Per90 Stats,,,,,,,,,,,,,,,,,,,,2021,Série A
Squad Stats,,,,,,,,,,,,,,,,,,,,2021,Série A
Opponent Stats,,,,,,,,,,,,,,,,,,,,2021,Série A
Squad,# Pl,90s,CrdY,CrdR,2CrdY,Fls,Fld,Off,Crs,Int,TklW,PKwon,PKcon,OG,,,,,,2021,Série A
América–MG,36,38.0,64,1,1,552,575,71,739,431,363,6,4,0,,,,,,2021,Série A
Athletico Paranaense,40,38.0,83,3,0,567,498,38,777,414,296,1,6,2,,,,,,2021,Série A
Atlético Goianiense,31,38.0,89,2,0,537,537,48,632,349,313,3,6,1,,,,,,2021,Série A
Atlético Mineiro,35,38.0,79,2,2,576,500,49,714,369,361,8,5,2,,,,,,2021,Série A
Bahia,38,38.0,94,5,3,585,503,42,848,454,338,3,9,0,,,,,,2021,Série A
Ceará,38,38.0,89,4,2,577,529,52,672,388,334,3,6,1,,,,,,2021,Série A
Chapecoense,42,38.0,77,5,2,565,485,54,732,451,340,3,8,1,,,,,,2021,Série A
Corinthians,33,38.0,62,3,1,419,567,31,649,379,289,4,3,0,,,,,,2021,Série A
Cuiabá,30,38.0,87,6,3,533,535,66,580,413,316,3,3,0,,,,,,2021,Série A
Flamengo,41,38.0,84,3,1,568,511,57,700,404,386,3,1,0,,,,,,2021,Série A
Fluminense,36,38.0,85,3,1,553,560,48,717,330,361,3,9,2,,,,,,2021,Série A
Fortaleza,28,38.0,90,4,2,591,591,80,608,413,299,2,9,2,,,,,,2021,Série A
Grêmio,39,38.0,102,7,1,643,487,34,782,434,370,4,5,1,,,,,,2021,Série A
Internacional,36,38.0,105,11,1,660,562,42,725,426,357,5,5,2,,,,,,2021,Série A
Juventude,35,38.0,89,3,1,572,656,41,635,401,298,4,5,2,,,,,,2021,Série A
Palmeiras,46,38.0,84,7,4,538,559,72,739,419,356,2,6,0,,,,,,2021,Série A
RB Bragantino,39,38.0,89,2,1,571,554,33,764,481,346,2,5,1,,,,,,2021,Série A
Santos,38,38.0,90,1,0,533,551,59,771,399,293,5,9,1,,,,,,2021,Série A
São Paulo,31,38.0,95,4,0,644,528,85,883,331,303,3,1,1,,,,,,2021,Série A
Sport Recife,38,38.0,89,4,2,587,520,39,702,428,325,2,5,3,,,,,,2021,Série A
1,Palmeiras,38,23,12,3,66,27,39,81,2.13,36.565,Rony - 12,Wéverton,→ Copa Libertadores via league finish,,,,,,2022,Série A
2,Internacional,38,20,13,5,58,31,27,73,1.92,23.618,Alexandre Alemão - 8,Daniel,→ Copa Libertadores via league finish,,,,,,2022,Série A
3,Fluminense,38,21,7,10,63,41,22,70,1.84,29.266,Germán Cano - 26,Fábio,→ Copa Libertadores via league finish,,,,,,2022,Série A
4,Corinthians,38,18,11,9,44,36,8,65,1.71,38.631,Roger Guedes - 10,Cássio,→ Copa Libertadores via league finish,,,,,,2022,Série A
5,Flamengo,38,18,8,12,60,39,21,62,1.63,50.998,"Pedro, Gabriel Barbosa - 11",Santos,→ Copa Libertadores via league finish,,,,,,2022,Série A
6,Athletico Paranaense,38,16,10,12,48,48,0,58,1.53,19.693,David Terans - 12,Bento,→ Copa Libertadores via league finish,,,,,,2022,Série A
7,Atlético Mineiro,38,15,13,10,45,37,8,58,1.53,30.386,Hulk - 12,Éverson,→ Copa Libertadores via league finish,,,,,,2022,Série A
8,Fortaleza,38,15,10,13,46,39,7,55,1.45,32.642,"Moises, Thiago Galhardo - 7",Fernando Miguel,→ Copa Libertadores via league finish,,,,,,2022,Série A
9,São Paulo,38,13,15,10,55,42,13,54,1.42,32.249,Jonathan Calleri - 18,Jandrei,→ Copa Sudamericana via league finish,,,,,,2022,Série A
10,América–MG,38,15,8,15,40,40,0,53,1.39,3.415,Henrique Almeida - 6,Matheus Cavichioli,→ Copa Sudamericana via league finish,,,,,,2022,Série A
11,Botafogo (RJ),38,15,8,15,41,43,-2,53,1.39,21.413,Erison - 7,Gatito Fernández,→ Copa Sudamericana via league finish,,,,,,2022,Série A
12,Santos,38,12,11,15,44,41,3,47,1.24,11.37,Marcos Leonardo - 13,João Paulo,→ Copa Sudamericana via league finish,,,,,,2022,Série A
13,Goiás,38,11,13,14,40,53,-13,46,1.21,10.29,Pedro Raul - 19,Tadeu,→ Copa Sudamericana via league finish,,,,,,2022,Série A
14,RB Bragantino,38,11,11,16,49,59,-10,44,1.16,5.011,Luan Cândido - 11,Cleiton Schwengber,→ Copa Sudamericana via league finish,,,,,,2022,Série A
15,Coritiba,38,12,6,20,39,60,-21,42,1.11,18.4,Alef Manga - 9,Alex Muralha,,,,,,,2022,Série A
16,Cuiabáá,38,10,11,17,31,42,-11,41,1.08,13.821,Deyverson - 6,Walter,,,,,,,2022,Série A
17,Cearáá,38,7,16,15,34,41,-7,37,0.97,28.814,Stiven Mendoza - 10,João Ricardo Riedi,Relegated,,,,,,2022,Série A
18,Atlético Goianiense,38,8,12,18,39,57,-18,36,0.95,7.019,"Wellington Rato, Diego Churín - 8",Ronaldo,Relegated,,,,,,2022,Série A
19,Avaíí,38,9,8,21,34,60,-26,35,0.92,8.69,Guilherme Bissoli - 14,Vladimir,Relegated,,,,,,2022,Série A
20,Juventude,38,3,13,22,29,69,-40,22,0.58,3.8,"Óscar Ruiz, Isidro Pitta - 5",César Reis,Relegated,,,,,,2022,Série A
Squad Standard Stats 2022 Série A,,,,,,,,,,,,,,,,,,,,2022,Série A
View Player Stats,,,,,,,,,,,,,,,,,,,,2022,Série A
Toggle Per90 Stats,,,,,,,,,,,,,,,,,,,,2022,Série A
Squad Stats,,,,,,,,,,,,,,,,,,,,2022,Série A
Opponent Stats,,,,,,,,,,,,,,,,,,,,2022,Série A
Squad,# Pl,Age,Poss,MP,Starts,Min,90s,Gls,Ast,G+A,G-PK,PK,PKatt,CrdY,Gls,Ast,G+A,G-PK,G+A-PK,2022,Série A
América–MG,37,29.8,45.9,38,418,3.42,38.0,40,29,69,35,5,7,86,1.05,0.76,1.82,0.92,1.68,2022,Série A
Athletico Paranaense,35,24.4,44.1,38,418,3.42,38.0,45,26,71,36,9,11,92,1.18,0.68,1.87,0.95,1.63,2022,Série A
Atlético Goianiense,33,26.9,50.6,38,418,3.42,38.0,38,25,63,36,2,3,100,1.00,0.66,1.66,0.95,1.61,2022,Série A
Atlético Mineiro,32,28.7,58.6,38,418,3.42,38.0,43,27,70,38,5,6,90,1.13,0.71,1.84,1.00,1.71,2022,Série A
Avaí,45,28.7,50.2,38,418,3.42,38.0,34,10,44,21,13,14,104,0.89,0.26,1.16,0.55,0.82,2022,Série A
Botafogo (RJ),43,27.5,48.7,38,418,3.42,38.0,40,21,61,36,4,4,97,1.05,0.55,1.61,0.95,1.50,2022,Série A
Ceará,40,29.0,50.9,38,418,3.42,38.0,32,12,44,27,5,7,126,0.84,0.32,1.16,0.71,1.03,2022,Série A
Corinthians,42,26.9,54.7,38,418,3.42,38.0,42,28,70,39,3,3,77,1.11,0.74,1.84,1.03,1.76,2022,Série A
Coritiba,41,27.5,45.2,38,418,3.42,38.0,39,26,65,35,4,4,110,1.03,0.68,1.71,0.92,1.61,2022,Série A
Cuiabá,35,28.3,44.2,38,418,3.42,38.0,31,16,47,27,4,5,83,0.82,0.42,1.24,0.71,1.13,2022,Série A
Flamengo,44,27.2,57.3,38,418,3.42,38.0,59,49,108,56,3,6,84,1.55,1.29,2.84,1.47,2.76,2022,Série A
Fluminense,32,28.4,60.8,38,418,3.42,38.0,62,47,109,58,4,4,80,1.63,1.24,2.87,1.53,2.76,2022,Série A
Fortaleza,34,28.5,45.2,38,418,3.42,38.0,45,36,81,43,2,6,85,1.18,0.95,2.13,1.13,2.08,2022,Série A
Goiás,36,26.8,40.2,38,418,3.42,38.0,40,28,68,34,6,6,114,1.05,0.74,1.79,0.89,1.63,2022,Série A
Internacional,37,27.4,50.0,38,418,3.42,38.0,58,40,98,50,8,10,86,1.53,1.05,2.58,1.32,2.37,2022,Série A
Juventude,45,27.4,45.8,38,418,3.42,38.0,27,18,45,25,2,4,109,0.71,0.47,1.18,0.66,1.13,2022,Série A
Palmeiras,35,26.9,54.3,38,418,3.42,38.0,64,47,111,57,7,9,75,1.68,1.24,2.92,1.50,2.74,2022,Série A
RB Bragantino,36,23.8,49.7,38,418,3.42,38.0,48,29,77,44,4,5,86,1.26,0.76,2.03,1.16,1.92,2022,Série A
Santos,40,25.4,48.1,38,418,3.42,38.0,42,31,73,39,3,3,100,1.11,0.82,1.92,1.03,1.84,2022,Série A
São Paulo,39,26.8,55.5,38,418,3.42,38.0,55,38,93,50,5,7,103,1.45,1.00,2.45,1.32,2.32,2022,Série A
"Totals may not be complete for all senior-level play, see coverage note.",,,,,,,,,,,,,,,,,,,,2022,Série A
Squad Goalkeeping 2022 Série A,,,,,,,,,,,,,,,,,,,,2022,Série A
View Player Stats,,,,,,,,,,,,,,,,,,,,2022,Série A
Toggle Per90 Stats,,,,,,,,,,,,,,,,,,,,2022,Série A
Squad Stats,,,,,,,,,,,,,,,,,,,,2022,Série A
Opponent Stats,,,,,,,,,,,,,,,,,,,,2022,Série A
Squad,# Pl,MP,Starts,Min,90s,GA,GA90,SoTA,Saves,Save%,W,D,L,CS,PKatt,PKA,PKsv,PKm,Save%,2022,Série A
América–MG,3,38,38,3.42,38.0,40,1.05,176,135,78.4,15,8,15,11,5,2,2,1,50.0,2022,Série A
Athletico Paranaense,2,38,38,3.42,38.0,48,1.26,170,122,73.5,16,10,12,13,4,3,1,0,25.0,2022,Série A
Atlético Goianiense,4,38,38,3.42,38.0,57,1.50,194,139,72.2,8,12,18,4,3,3,0,0,0.0,2022,Série A
Atlético Mineiro,2,38,38,3.42,38.0,37,0.97,121,83,74.4,15,13,10,16,7,6,1,0,14.3,2022,Série A
Avaí,3,38,38,3.414,38.0,60,1.58,173,113,69.9,9,8,21,6,10,8,1,1,11.1,2022,Série A
Botafogo (RJ),4,38,38,3.42,38.0,43,1.13,145,102,73.1,15,8,15,11,5,4,1,0,20.0,2022,Série A
Ceará,3,38,38,3.42,38.0,41,1.08,166,123,78.3,7,16,15,8,7,5,2,0,28.6,2022,Série A
Corinthians,3,38,38,3.42,38.0,36,0.95,157,122,80.9,18,11,9,14,6,6,0,0,0.0,2022,Série A
Coritiba,3,38,38,3.42,38.0,60,1.58,189,128,70.4,12,6,20,9,6,4,2,0,33.3,2022,Série A
Cuiabá,2,38,38,3.42,38.0,42,1.11,174,132,78.2,10,11,17,9,6,4,1,1,20.0,2022,Série A
Flamengo,3,38,38,3.42,38.0,39,1.03,140,102,75.7,18,8,12,11,5,5,0,0,0.0,2022,Série A
Fluminense,1,38,38,3.42,38.0,41,1.08,151,111,74.8,21,7,10,14,3,3,0,0,0.0,2022,Série A
Fortaleza,3,38,38,3.42,38.0,39,1.03,167,130,79.0,15,10,13,15,5,4,0,1,0.0,2022,Série A
Goiás,1,38,38,3.42,38.0,53,1.39,200,146,77.0,11,13,14,8,9,7,1,1,12.5,2022,Série A
Internacional,2,38,38,3.42,38.0,31,0.82,148,117,81.8,20,13,5,18,5,4,0,1,0.0,2022,Série A
Juventude,3,38,38,3.42,38.0,69,1.82,199,130,68.3,3,13,22,4,9,6,3,0,33.3,2022,Série A
Palmeiras,3,38,38,3.42,38.0,27,0.71,124,99,80.6,23,12,3,19,3,3,0,0,0.0,2022,Série A
RB Bragantino,2,38,38,3.42,38.0,59,1.55,170,112,70.6,11,11,16,7,11,9,1,1,10.0,2022,Série A
Santos,2,38,38,3.42,38.0,41,1.08,173,133,79.8,12,11,15,11,7,6,0,1,0.0,2022,Série A
São Paulo,3,38,38,3.42,38.0,42,1.11,156,112,76.9,13,15,10,9,7,6,1,0,14.3,2022,Série A
"Totals may not be complete for all senior-level play, see coverage note.",,,,,,,,,,,,,,,,,,,,2022,Série A
Become a Stathead & surf this site ad-free.,,,,,,,,,,,,,,,,,,,,2022,Série A
Squad Shooting 2022 Série A,,,,,,,,,,,,,,,,,,,,2022,Série A
View Player Stats,,,,,,,,,,,,,,,,,,,,2022,Série A
Toggle Per90 Stats,,,,,,,,,,,,,,,,,,,,2022,Série A
Squad Stats,,,,,,,,,,,,,,,,,,,,2022,Série A
Opponent Stats,,,,,,,,,,,,,,,,,,,,2022,Série A
Squad,# Pl,90s,Gls,Sh,SoT,SoT%,Sh/90,SoT/90,G/Sh,G/SoT,PK,PKatt,,,,,,,,2022,Série A
América–MG,37,38.0,40,551,182,33.0,14.50,4.79,0.06,0.19,5,7,,,,,,,,2022,Série A
Athletico Paranaense,35,38.0,45,496,149,30.0,13.05,3.92,0.07,0.24,9,11,,,,,,,,2022,Série A
Atlético Goianiense,33,38.0,38,530,151,28.5,13.95,3.97,0.07,0.24,2,3,,,,,,,,2022,Série A
Atlético Mineiro,32,38.0,43,585,167,28.5,15.39,4.39,0.06,0.23,5,6,,,,,,,,2022,Série A
Avaí,45,38.0,34,428,115,26.9,11.26,3.03,0.05,0.18,13,14,,,,,,,,2022,Série A
Botafogo (RJ),43,38.0,40,518,168,32.4,13.63,4.42,0.07,0.21,4,4,,,,,,,,2022,Série A
Ceará,40,38.0,32,517,154,29.8,13.61,4.05,0.05,0.18,5,7,,,,,,,,2022,Série A
Corinthians,42,38.0,42,446,145,32.5,11.74,3.82,0.09,0.27,3,3,,,,,,,,2022,Série A
Coritiba,41,38.0,39,504,142,28.2,13.26,3.74,0.07,0.25,4,4,,,,,,,,2022,Série A
Cuiabá,35,38.0,31,460,124,27.0,12.11,3.26,0.06,0.22,4,5,,,,,,,,2022,Série A
Flamengo,44,38.0,59,558,199,35.7,14.68,5.24,0.10,0.28,3,6,,,,,,,,2022,Série A
Fluminense,32,38.0,62,548,187,34.1,14.42,4.92,0.11,0.31,4,4,,,,,,,,2022,Série A
Fortaleza,34,38.0,45,515,166,32.2,13.55,4.37,0.08,0.26,2,6,,,,,,,,2022,Série A
Goiás,36,38.0,40,411,119,29.0,10.82,3.13,0.08,0.29,6,6,,,,,,,,2022,Série A
Internacional,37,38.0,58,510,176,34.5,13.42,4.63,0.10,0.28,8,10,,,,,,,,2022,Série A
Juventude,45,38.0,27,445,132,29.7,11.71,3.47,0.06,0.19,2,4,,,,,,,,2022,Série A
Palmeiras,35,38.0,64,667,223,33.4,17.55,5.87,0.09,0.26,7,9,,,,,,,,2022,Série A
RB Bragantino,36,38.0,48,539,166,30.8,14.18,4.37,0.08,0.27,4,5,,,,,,,,2022,Série A
Santos,40,38.0,42,481,157,32.6,12.66,4.13,0.08,0.25,3,3,,,,,,,,2022,Série A
São Paulo,39,38.0,55,501,155,30.9,13.18,4.08,0.10,0.32,5,7,,,,,,,,2022,Série A
"Totals may not be complete for all senior-level play, see coverage note.",,,,,,,,,,,,,,,,,,,,2022,Série A
Squad Playing Time 2022 Série A,,,,,,,,,,,,,,,,,,,,2022,Série A
View Player Stats,,,,,,,,,,,,,,,,,,,,2022,Série A
Toggle Per90 Stats,,,,,,,,,,,,,,,,,,,,2022,Série A
Squad Stats,,,,,,,,,,,,,,,,,,,,2022,Série A
Opponent Stats,,,,,,,,,,,,,,,,,,,,2022,Série A
Squad,# Pl,Age,MP,Min,Mn/MP,Min%,90s,Starts,Mn/Start,Compl,Subs,Mn/Sub,unSub,PPM,onGA,+/-,+/-90,,,2022,Série A
América–MG,37,29.8,38,3.42,90,100,38.0,418,79,227,188,23,264,1.39,40,0,0.00,,,2022,Série A
Athletico Paranaense,35,24.4,38,3.42,90,100,38.0,418,80,235,180,24,267,1.53,48,0,0.00,,,2022,Série A
Atlético Goianiense,33,26.9,38,3.42,90,100,38.0,418,79,238,178,25,191,0.95,57,-18,-0.47,,,2022,Série A
Atlético Mineiro,32,28.7,38,3.42,90,100,38.0,418,81,243,176,21,267,1.53,37,8,+0.21,,,2022,Série A
Avaí,45,28.7,38,3.42,90,100,38.0,418,81,238,177,21,271,0.92,60,-26,-0.68,,,2022,Série A
Botafogo (RJ),43,27.5,38,3.42,90,100,38.0,418,81,261,153,23,295,1.39,43,-2,-0.05,,,2022,Série A
Ceará,40,29.0,38,3.42,90,100,38.0,418,80,235,177,23,267,0.97,41,-7,-0.18,,,2022,Série A
Corinthians,42,26.9,38,3.42,90,100,38.0,418,78,236,182,27,272,1.71,36,8,+0.21,,,2022,Série A
Coritiba,41,27.5,38,3.42,90,100,38.0,418,79,233,180,25,272,1.11,60,-21,-0.55,,,2022,Série A
Cuiabá,35,28.3,38,3.42,90,100,38.0,418,80,229,186,23,267,1.08,42,-11,-0.29,,,2022,Série A
Flamengo,44,27.2,38,3.42,90,100,38.0,418,81,244,173,21,270,1.63,39,21,+0.55,,,2022,Série A
Fluminense,32,28.4,38,3.42,90,100,38.0,418,81,235,179,21,274,1.84,41,22,+0.58,,,2022,Série A
Fortaleza,34,28.5,38,3.42,90,100,38.0,418,80,238,178,22,267,1.45,39,7,+0.18,,,2022,Série A
Goiás,36,26.8,38,3.42,90,100,38.0,418,80,239,178,22,230,1.21,53,-13,-0.34,,,2022,Série A
Internacional,37,27.4,38,3.42,90,100,38.0,418,81,236,181,20,267,1.92,31,27,+0.71,,,2022,Série A
Juventude,45,27.4,38,3.42,90,100,38.0,418,79,228,185,23,239,0.58,69,-40,-1.05,,,2022,Série A
Palmeiras,35,26.9,38,3.42,90,100,38.0,418,81,230,186,19,267,2.13,27,39,+1.03,,,2022,Série A
RB Bragantino,36,23.8,38,3.42,90,100,38.0,418,80,229,187,22,263,1.16,59,-10,-0.26,,,2022,Série A
Santos,40,25.4,38,3.42,90,100,38.0,418,81,245,171,22,278,1.24,41,3,+0.08,,,2022,Série A
São Paulo,39,26.8,38,3.42,90,100,38.0,418,79,227,186,24,265,1.42,42,13,+0.34,,,2022,Série A
"Totals may not be complete for all senior-level play, see coverage note.",,,,,,,,,,,,,,,,,,,,2022,Série A
Squad Miscellaneous Stats 2022 Série A,,,,,,,,,,,,,,,,,,,,2022,Série A
View Player Stats,,,,,,,,,,,,,,,,,,,,2022,Série A
Toggle Per90 Stats,,,,,,,,,,,,,,,,,,,,2022,Série A
Squad Stats,,,,,,,,,,,,,,,,,,,,2022,Série A
Opponent Stats,,,,,,,,,,,,,,,,,,,,2022,Série A
Squad,# Pl,90s,CrdY,CrdR,2CrdY,Fls,Fld,Off,Crs,Int,TklW,PKwon,PKcon,OG,,,,,,2022,Série A
América–MG,37,38.0,86,5,2,577,435,60,783,400,316,4,5,1,,,,,,2022,Série A
Athletico Paranaense,35,38.0,92,4,2,537,418,56,612,411,351,7,4,1,,,,,,2022,Série A
Atlético Goianiense,33,38.0,100,6,1,483,410,56,765,341,331,2,3,2,,,,,,2022,Série A
Atlético Mineiro,32,38.0,90,0,0,498,488,57,789,338,398,3,7,0,,,,,,2022,Série A
Avaí,45,38.0,104,4,2,533,564,55,646,337,360,10,10,1,,,,,,2022,Série A
Botafogo (RJ),43,38.0,97,4,2,531,536,51,618,428,359,3,5,1,,,,,,2022,Série A
Ceará,40,38.0,126,10,3,561,576,68,806,361,306,6,7,0,,,,,,2022,Série A
Corinthians,42,38.0,77,3,1,435,422,47,613,379,355,2,6,1,,,,,,2022,Série A
Coritiba,41,38.0,110,11,3,478,495,56,782,359,382,4,6,1,,,,,,2022,Série A
Cuiabá,35,38.0,83,6,4,488,448,50,839,356,346,4,6,1,,,,,,2022,Série A
Flamengo,44,38.0,84,4,1,505,528,51,780,345,394,6,5,1,,,,,,2022,Série A
Fluminense,32,38.0,80,9,3,431,545,59,713,299,311,4,3,1,,,,,,2022,Série A
Fortaleza,34,38.0,85,4,2,559,458,68,658,404,364,5,5,2,,,,,,2022,Série A
Goiás,36,38.0,114,5,3,575,465,55,641,369,354,4,9,0,,,,,,2022,Série A
Internacional,37,38.0,86,2,1,465,495,49,664,411,392,7,5,0,,,,,,2022,Série A
Juventude,45,38.0,109,8,2,538,485,49,766,381,354,2,9,3,,,,,,2022,Série A
Palmeiras,35,38.0,75,3,1,457,504,92,882,382,346,5,3,2,,,,,,2022,Série A
RB Bragantino,36,38.0,86,6,0,536,449,58,830,374,369,4,11,2,,,,,,2022,Série A
Santos,40,38.0,100,3,1,509,549,56,730,358,351,3,7,1,,,,,,2022,Série A
São Paulo,39,38.0,103,6,3,519,426,66,787,290,358,3,8,0,,,,,,2022,Série A
1,Palmeiras,38,20,10,8,64,33,31,70,1.84,33.22,Endrick - 11,Wéverton,→ Copa Libertadores via league finish,,,,,,2023,Série A
2,Grêmio,38,21,5,12,63,56,7,68,1.79,34.585,Luis Suárez - 17,Gabriel Chapecó,→ Copa Libertadores via league finish,,,,,,2023,Série A
3,Atlético Mineiro,38,19,9,10,52,32,20,66,1.74,33.068,Paulinho - 20,Éverson,→ Copa Libertadores via league finish,,,,,,2023,Série A
4,Flamengo,38,19,9,10,56,42,14,66,1.74,57.486,Pedro - 13,Matheus Cunha,→ Copa Libertadores via league finish,,,,,,2023,Série A
5,Botafogo (RJ),38,18,10,10,58,37,21,64,1.68,27.29,Tiquinho Soares - 17,Lucas Perri,→ Copa Libertadores via league finish,,,,,,2023,Série A
6,RB Bragantino,38,17,11,10,49,35,14,62,1.63,6.051,Eduardo Sasha - 11,Cleiton Schwengber,→ Copa Libertadores via league finish,,,,,,2023,Série A
7,Fluminense,38,16,8,14,51,47,4,56,1.47,34.431,Germán Cano - 10,Fábio,→ Copa Libertadores,,,,,,2023,Série A
8,Athletico Paranaense,38,14,14,10,51,43,8,56,1.47,22.378,Vitor Roque - 12,Bento,→ Copa Sudamericana via league finish,,,,,,2023,Série A
9,Internacional,38,15,10,13,46,45,1,55,1.45,26.675,Enner Valencia - 9,Sergio Rochet,→ Copa Sudamericana via league finish,,,,,,2023,Série A
10,Fortaleza,38,15,9,14,45,44,1,54,1.42,33.54,Juan Martín Lucero - 9,João Ricardo Riedi,→ Copa Sudamericana via league finish,,,,,,2023,Série A
11,São Paulo,38,14,11,13,40,38,2,53,1.39,43.8,"Luciano, Jonathan Calleri - 9",Rafael Pires,→ Copa Libertadores via cup win,,,,,,2023,Série A
12,Cuiabáá,38,14,9,15,40,39,1,51,1.34,16.859,Deyverson - 12,Walter,→ Copa Sudamericana via league finish,,,,,,2023,Série A
13,Corinthians,38,12,14,12,47,48,-1,50,1.32,36.565,"Ángel Romero, Yuri Alberto - 8",Cássio,→ Copa Sudamericana via league finish,,,,,,2023,Série A
14,Cruzeiro,38,11,14,13,35,32,3,47,1.24,30.527,Bruno Nascimento - 8,Rafael Cabral,→ Copa Sudamericana via league finish,,,,,,2023,Série A
15,Vasco da Gama,38,12,9,17,41,51,-10,45,1.18,21.746,Pablo Vegetti - 10,Léo Jardim,,,,,,,2023,Série A
16,Bahia,38,12,8,18,50,53,-3,44,1.16,36.97,Everaldo Stum - 9,Marcos Felipe,,,,,,,2023,Série A
17,Santos,38,11,10,17,39,64,-25,43,1.13,8.196,Marcos Leonardo - 13,João Paulo,Relegated,,,,,,2023,Série A
18,Goiás,38,9,11,18,36,53,-17,38,1.00,10.026,Guilherme - 6,Tadeu,Relegated,,,,,,2023,Série A
19,Coritiba,38,8,6,24,41,73,-32,30,0.79,20.77,Robson - 12,Gabriel,Relegated,,,,,,2023,Série A
20,América–MG,38,5,9,24,42,81,-39,24,0.63,6.373,Gonzalo Mastriani - 11,Matheus Cavichioli,Relegated,,,,,,2023,Série A
Squad Standard Stats 2023 Série A,,,,,,,,,,,,,,,,,,,,2023,Série A
View Player Stats,,,,,,,,,,,,,,,,,,,,2023,Série A
Toggle Per90 Stats,,,,,,,,,,,,,,,,,,,,2023,Série A
Squad Stats,,,,,,,,,,,,,,,,,,,,2023,Série A
Opponent Stats,,,,,,,,,,,,,,,,,,,,2023,Série A
Squad,# Pl,Age,Poss,MP,Starts,Min,90s,Gls,Ast,G+A,G-PK,PK,PKatt,CrdY,Gls,Ast,G+A,G-PK,G+A-PK,2023,Série A
América–MG,46,29.1,43.0,38,418,3.42,38.0,42,30,72,38,4,6,89,1.11,0.79,1.89,1.00,1.79,2023,Série A
Athletico Paranaense,40,26.1,48.5,38,418,3.42,38.0,51,38,89,47,4,4,109,1.34,1.00,2.34,1.24,2.24,2023,Série A
Atlético Mineiro,31,28.7,52.7,38,418,3.42,38.0,51,35,86,45,6,6,113,1.34,0.92,2.26,1.18,2.11,2023,Série A
Bahia,35,26.9,49.6,38,418,3.42,38.0,48,28,76,44,4,4,100,1.26,0.74,2.00,1.16,1.89,2023,Série A
Botafogo (RJ),36,28.5,48.1,38,418,3.42,38.0,56,40,96,51,5,7,93,1.47,1.05,2.53,1.34,2.39,2023,Série A
Corinthians,36,27.4,48.8,38,418,3.42,38.0,45,28,73,39,6,7,91,1.18,0.74,1.92,1.03,1.76,2023,Série A
Coritiba,47,27.1,43.9,38,418,3.42,38.0,40,25,65,32,8,9,124,1.05,0.66,1.71,0.84,1.50,2023,Série A
Cruzeiro,38,27.8,51.4,38,418,3.42,38.0,32,26,58,30,2,4,101,0.84,0.68,1.53,0.79,1.47,2023,Série A
Cuiabá,30,28.1,43.7,38,418,3.42,38.0,39,24,63,32,7,8,91,1.03,0.63,1.66,0.84,1.47,2023,Série A
Flamengo,32,26.7,57.4,38,418,3.42,38.0,55,39,94,47,8,9,85,1.45,1.03,2.47,1.24,2.26,2023,Série A
Fluminense,37,29.1,61.5,38,418,3.42,38.0,51,36,87,48,3,5,124,1.34,0.95,2.29,1.26,2.21,2023,Série A
Fortaleza,32,29.7,46.6,38,418,3.42,38.0,44,29,73,39,5,7,97,1.16,0.76,1.92,1.03,1.79,2023,Série A
Goiás,42,27.7,44.6,38,418,3.42,38.0,35,22,57,30,5,5,107,0.92,0.58,1.50,0.79,1.37,2023,Série A
Grêmio,44,27.9,46.7,38,418,3.42,38.0,61,45,106,56,5,7,103,1.61,1.18,2.79,1.47,2.66,2023,Série A
Internacional,35,28.4,51.6,38,418,3.42,38.0,45,30,75,42,3,4,111,1.18,0.79,1.97,1.11,1.89,2023,Série A
Palmeiras,33,26.9,52.7,38,418,3.42,38.0,62,44,106,60,2,4,96,1.63,1.16,2.79,1.58,2.74,2023,Série A
RB Bragantino,35,24.2,56.5,38,418,3.42,38.0,48,30,78,45,3,3,109,1.26,0.79,2.05,1.18,1.97,2023,Série A
Santos,46,26.5,44.4,38,418,3.42,38.0,37,26,63,31,6,6,105,0.97,0.68,1.66,0.82,1.50,2023,Série A
São Paulo,38,26.7,59.5,38,418,3.42,38.0,40,27,67,35,5,9,107,1.05,0.71,1.76,0.92,1.63,2023,Série A
Vasco da Gama,38,26.2,48.8,38,418,3.42,38.0,41,30,71,37,4,4,101,1.08,0.79,1.87,0.97,1.76,2023,Série A
"Totals may not be complete for all senior-level play, see coverage note.",,,,,,,,,,,,,,,,,,,,2023,Série A
Squad Goalkeeping 2023 Série A,,,,,,,,,,,,,,,,,,,,2023,Série A
View Player Stats,,,,,,,,,,,,,,,,,,,,2023,Série A
Toggle Per90 Stats,,,,,,,,,,,,,,,,,,,,2023,Série A
Squad Stats,,,,,,,,,,,,,,,,,,,,2023,Série A
Opponent Stats,,,,,,,,,,,,,,,,,,,,2023,Série A
Squad,# Pl,MP,Starts,Min,90s,GA,GA90,SoTA,Saves,Save%,W,D,L,CS,PKatt,PKA,PKsv,PKm,Save%,2023,Série A
América–MG,4,38,38,3.418,38.0,81,2.13,215,135,64.7,5,9,24,2,8,5,2,1,28.6,2023,Série A
Athletico Paranaense,2,38,38,3.42,38.0,43,1.13,170,124,77.1,14,14,10,10,7,4,3,0,42.9,2023,Série A
Atlético Mineiro,2,38,38,3.42,38.0,32,0.84,140,109,78.6,19,9,10,15,2,2,0,0,0.0,2023,Série A
Bahia,3,38,38,3.42,38.0,53,1.39,192,140,75.5,12,8,18,9,6,6,0,0,0.0,2023,Série A
Botafogo (RJ),2,38,38,3.42,38.0,37,0.97,170,134,78.2,18,10,10,15,1,0,0,1,,2023,Série A
Corinthians,2,38,38,3.42,38.0,48,1.26,187,140,77.5,12,14,12,10,7,6,0,1,0.0,2023,Série A
Coritiba,3,38,38,3.42,38.0,73,1.92,220,148,70.9,8,6,24,6,10,9,1,0,10.0,2023,Série A
Cruzeiro,2,38,38,3.42,38.0,32,0.84,140,108,78.6,11,14,13,16,3,2,0,1,0.0,2023,Série A
Cuiabá,2,38,38,3.42,38.0,39,1.03,151,114,76.8,14,9,15,13,4,4,0,0,0.0,2023,Série A
Flamengo,3,38,38,3.42,38.0,42,1.11,176,133,79.5,19,9,10,15,7,6,1,0,14.3,2023,Série A
Fluminense,3,38,38,3.42,38.0,47,1.24,160,114,73.8,16,8,14,12,6,5,0,1,0.0,2023,Série A
Fortaleza,3,38,38,3.42,38.0,44,1.16,160,116,74.4,15,9,14,10,7,3,2,2,40.0,2023,Série A
Goiás,2,38,38,3.42,38.0,53,1.39,176,124,72.7,9,11,18,10,5,5,0,0,0.0,2023,Série A
Grêmio,4,38,38,3.42,38.0,56,1.47,186,131,72.6,21,5,12,8,5,5,0,0,0.0,2023,Série A
Internacional,3,38,38,3.42,38.0,45,1.18,164,119,76.2,15,10,13,11,7,6,1,0,14.3,2023,Série A
Palmeiras,2,38,38,3.42,38.0,33,0.87,149,116,80.5,20,10,8,16,5,4,1,0,20.0,2023,Série A
RB Bragantino,2,38,38,3.42,38.0,35,0.92,130,95,78.5,17,11,10,17,8,7,1,0,12.5,2023,Série A
Santos,2,38,38,3.42,38.0,64,1.68,202,140,70.3,11,10,17,8,6,4,1,1,20.0,2023,Série A
São Paulo,2,38,38,3.42,38.0,38,1.00,134,97,77.6,14,11,13,15,9,8,0,1,0.0,2023,Série A
Vasco da Gama,1,38,38,3.42,38.0,51,1.34,182,130,74.2,12,9,17,9,5,4,1,0,20.0,2023,Série A
"Totals may not be complete for all senior-level play, see coverage note.",,,,,,,,,,,,,,,,,,,,2023,Série A
Become a Stathead & surf this site ad-free.,,,,,,,,,,,,,,,,,,,,2023,Série A
Squad Shooting 2023 Série A,,,,,,,,,,,,,,,,,,,,2023,Série A
View Player Stats,,,,,,,,,,,,,,,,,,,,2023,Série A
Toggle Per90 Stats,,,,,,,,,,,,,,,,,,,,2023,Série A
Squad Stats,,,,,,,,,,,,,,,,,,,,2023,Série A
Opponent Stats,,,,,,,,,,,,,,,,,,,,2023,Série A
Squad,# Pl,90s,Gls,Sh,SoT,SoT%,Sh/90,SoT/90,G/Sh,G/SoT,PK,PKatt,,,,,,,,2023,Série A
América–MG,46,38.0,42,510,155,30.4,13.42,4.08,0.07,0.25,4,6,,,,,,,,2023,Série A
Athletico Paranaense,40,38.0,51,551,168,30.5,14.50,4.42,0.09,0.28,4,4,,,,,,,,2023,Série A
Atlético Mineiro,31,38.0,51,480,165,34.4,12.63,4.34,0.09,0.27,6,6,,,,,,,,2023,Série A
Bahia,35,38.0,48,535,164,30.7,14.08,4.32,0.08,0.27,4,4,,,,,,,,2023,Série A
Botafogo (RJ),36,38.0,56,516,168,32.6,13.58,4.42,0.10,0.30,5,7,,,,,,,,2023,Série A
Corinthians,36,38.0,45,455,156,34.3,11.97,4.11,0.09,0.25,6,7,,,,,,,,2023,Série A
Coritiba,47,38.0,40,420,140,33.3,11.05,3.68,0.08,0.23,8,9,,,,,,,,2023,Série A
Cruzeiro,38,38.0,32,525,162,30.9,13.82,4.26,0.06,0.19,2,4,,,,,,,,2023,Série A
Cuiabá,30,38.0,39,440,131,29.8,11.58,3.45,0.07,0.24,7,8,,,,,,,,2023,Série A
Flamengo,32,38.0,55,490,168,34.3,12.89,4.42,0.10,0.28,8,9,,,,,,,,2023,Série A
Fluminense,37,38.0,51,545,202,37.1,14.34,5.32,0.09,0.24,3,5,,,,,,,,2023,Série A
Fortaleza,32,38.0,44,540,181,33.5,14.21,4.76,0.07,0.22,5,7,,,,,,,,2023,Série A
Goiás,42,38.0,35,492,133,27.0,12.95,3.50,0.06,0.23,5,5,,,,,,,,2023,Série A
Grêmio,44,38.0,61,500,186,37.2,13.16,4.89,0.11,0.30,5,7,,,,,,,,2023,Série A
Internacional,35,38.0,45,459,146,31.8,12.08,3.84,0.09,0.29,3,4,,,,,,,,2023,Série A
Palmeiras,33,38.0,62,609,206,33.8,16.03,5.42,0.10,0.29,2,4,,,,,,,,2023,Série A
RB Bragantino,35,38.0,48,635,208,32.8,16.71,5.47,0.07,0.22,3,3,,,,,,,,2023,Série A
Santos,46,38.0,37,463,146,31.5,12.18,3.84,0.07,0.21,6,6,,,,,,,,2023,Série A
São Paulo,38,38.0,40,513,162,31.6,13.50,4.26,0.07,0.22,5,9,,,,,,,,2023,Série A
Vasco da Gama,38,38.0,41,476,148,31.1,12.53,3.89,0.08,0.25,4,4,,,,,,,,2023,Série A
"Totals may not be complete for all senior-level play, see coverage note.",,,,,,,,,,,,,,,,,,,,2023,Série A
Squad Playing Time 2023 Série A,,,,,,,,,,,,,,,,,,,,2023,Série A
View Player Stats,,,,,,,,,,,,,,,,,,,,2023,Série A
Toggle Per90 Stats,,,,,,,,,,,,,,,,,,,,2023,Série A
Squad Stats,,,,,,,,,,,,,,,,,,,,2023,Série A
Opponent Stats,,,,,,,,,,,,,,,,,,,,2023,Série A
Squad,# Pl,Age,MP,Min,Mn/MP,Min%,90s,Starts,Mn/Start,Compl,Subs,Mn/Sub,unSub,PPM,onGA,+/-,+/-90,,,2023,Série A
América–MG,46,29.1,38,3.42,90,100,38.0,418,79,225,187,24,264,0.63,81,-39,-1.03,,,2023,Série A
Athletico Paranaense,40,26.1,38,3.42,90,100,38.0,418,80,240,175,22,276,1.47,43,8,+0.21,,,2023,Série A
Atlético Mineiro,31,28.7,38,3.42,90,100,38.0,418,82,256,158,20,285,1.74,32,20,+0.53,,,2023,Série A
Bahia,35,26.9,38,3.42,90,100,38.0,418,81,242,172,20,275,1.16,53,-3,-0.08,,,2023,Série A
Botafogo (RJ),36,28.5,38,3.42,90,100,38.0,418,80,233,181,22,274,1.68,37,21,+0.55,,,2023,Série A
Corinthians,36,27.4,38,3.42,90,100,38.0,418,79,235,181,25,271,1.32,48,-1,-0.03,,,2023,Série A
Coritiba,47,27.1,38,3.42,90,100,38.0,418,79,230,186,25,262,0.79,73,-32,-0.84,,,2023,Série A
Cruzeiro,38,27.8,38,3.42,90,100,38.0,418,81,243,173,21,278,1.24,32,3,+0.08,,,2023,Série A
Cuiabá,30,28.1,38,3.42,90,100,38.0,418,80,227,188,21,261,1.34,39,1,+0.03,,,2023,Série A
Flamengo,32,26.7,38,3.42,90,100,38.0,418,80,250,167,23,288,1.74,42,14,+0.37,,,2023,Série A
Fluminense,37,29.1,38,3.42,90,100,38.0,418,80,243,170,23,279,1.47,47,4,+0.11,,,2023,Série A
Fortaleza,32,29.7,38,3.42,90,100,38.0,418,82,236,184,19,270,1.42,44,1,+0.03,,,2023,Série A
Goiás,42,27.7,38,3.42,90,100,38.0,418,80,238,174,24,270,1.00,53,-17,-0.45,,,2023,Série A
Grêmio,44,27.9,38,3.42,90,100,38.0,418,80,238,180,23,275,1.79,56,7,+0.18,,,2023,Série A
Internacional,35,28.4,38,3.42,90,100,38.0,418,80,235,183,22,263,1.45,45,1,+0.03,,,2023,Série A
Palmeiras,33,26.9,38,3.42,90,100,38.0,418,81,229,185,20,264,1.84,33,31,+0.82,,,2023,Série A
RB Bragantino,35,24.2,38,3.42,90,100,38.0,418,77,235,182,30,270,1.63,35,14,+0.37,,,2023,Série A
Santos,46,26.5,38,3.42,90,100,38.0,418,80,236,181,22,273,1.13,64,-25,-0.66,,,2023,Série A
São Paulo,38,26.7,38,3.42,90,100,38.0,418,80,225,190,22,264,1.39,38,2,+0.05,,,2023,Série A
Vasco da Gama,38,26.2,38,3.42,90,100,38.0,418,80,236,181,22,274,1.18,51,-10,-0.26,,,2023,Série A
"Totals may not be complete for all senior-level play, see coverage note.",,,,,,,,,,,,,,,,,,,,2023,Série A
Squad Miscellaneous Stats 2023 Série A,,,,,,,,,,,,,,,,,,,,2023,Série A
View Player Stats,,,,,,,,,,,,,,,,,,,,2023,Série A
Toggle Per90 Stats,,,,,,,,,,,,,,,,,,,,2023,Série A
Squad Stats,,,,,,,,,,,,,,,,,,,,2023,Série A
Opponent Stats,,,,,,,,,,,,,,,,,,,,2023,Série A
Squad,# Pl,90s,CrdY,CrdR,2CrdY,Fls,Fld,Off,Crs,Int,TklW,PKwon,PKcon,OG,,,,,,2023,Série A
América–MG,46,38.0,89,10,3,550,460,62,730,372,344,1,8,3,,,,,,2023,Série A
Athletico Paranaense,40,38.0,109,4,1,580,505,67,685,357,341,3,7,0,,,,,,2023,Série A
Atlético Mineiro,31,38.0,113,5,1,599,475,61,658,355,483,5,2,1,,,,,,2023,Série A
Bahia,35,38.0,100,5,3,549,512,54,707,400,430,3,6,1,,,,,,2023,Série A
Botafogo (RJ),36,38.0,93,4,1,515,489,41,702,412,376,6,1,1,,,,,,2023,Série A
Corinthians,36,38.0,91,3,0,475,509,55,650,328,364,5,7,1,,,,,,2023,Série A
Coritiba,47,38.0,124,5,3,586,531,62,626,385,418,6,10,2,,,,,,2023,Série A
Cruzeiro,38,38.0,101,4,2,570,471,71,810,336,391,3,3,0,,,,,,2023,Série A
Cuiabá,30,38.0,91,3,3,473,564,77,828,295,411,7,4,2,,,,,,2023,Série A
Flamengo,32,38.0,85,5,0,493,519,51,642,295,412,9,7,0,,,,,,2023,Série A
Fluminense,37,38.0,124,9,4,506,560,75,706,258,339,4,6,1,,,,,,2023,Série A
Fortaleza,32,38.0,97,1,1,519,533,84,769,352,420,5,7,2,,,,,,2023,Série A
Goiás,42,38.0,107,6,3,637,577,86,702,350,384,5,5,1,,,,,,2023,Série A
Grêmio,44,38.0,103,5,3,480,537,59,576,339,369,4,5,1,,,,,,2023,Série A
Internacional,35,38.0,111,6,2,518,497,60,606,316,370,4,7,1,,,,,,2023,Série A
Palmeiras,33,38.0,96,4,2,583,585,100,919,298,377,3,5,1,,,,,,2023,Série A
RB Bragantino,35,38.0,109,6,1,603,470,52,917,398,391,2,8,1,,,,,,2023,Série A
Santos,46,38.0,105,8,3,573,549,67,725,370,431,5,6,3,,,,,,2023,Série A
São Paulo,38,38.0,107,5,3,530,532,76,668,263,346,6,9,1,,,,,,2023,Série A
Vasco da Gama,38,38.0,101,6,3,557,510,67,889,318,358,4,5,0,,,,,,2023,Série A
1,Botafogo (RJ),38,23,10,5,59,29,30,79,2.08,29.637,Jefferson Savarino - 8,John,→ Copa Libertadores,,,,,,2024,Série A
2,Palmeiras,38,22,7,9,60,33,27,73,1.92,32.142,Estêvão Willian - 13,Wéverton,→ Copa Libertadores via league finish,,,,,,2024,Série A
3,Flamengo,38,20,10,8,61,42,19,70,1.84,54.42,Pedro - 11,Agustín Rossi,→ Copa Libertadores via cup win,,,,,,2024,Série A
4,Fortaleza,38,19,11,8,53,39,14,68,1.79,33.262,Juan Martín Lucero - 8,João Ricardo Riedi,→ Copa Libertadores via league finish,,,,,,2024,Série A
5,Internacional,38,18,11,9,53,36,17,65,1.71,29.012,Wesley - 11,Sergio Rochet,→ Copa Libertadores via league finish,,,,,,2024,Série A
6,São Paulo,38,17,8,13,53,43,10,59,1.55,38.676,Luciano - 11,Rafael Pires,→ Copa Libertadores via league finish,,,,,,2024,Série A
7,Corinthians,38,15,11,12,54,45,9,56,1.47,43.801,Yuri Alberto - 15,Hugo Souza,→ Copa Libertadores via league finish,,,,,,2024,Série A
8,Bahia,38,15,8,15,49,49,0,53,1.39,36.381,Everaldo Stum - 8,Marcos Felipe,→ Copa Libertadores via league finish,,,,,,2024,Série A
9,Cruzeiro,38,14,10,14,43,41,2,52,1.37,33.066,Matheus Pereira - 8,Cássio,→ Copa Sudamericana via league finish,,,,,,2024,Série A
10,Vasco da Gama,38,14,8,16,43,56,-13,50,1.32,19.072,Pablo Vegetti - 12,Léo Jardim,→ Copa Sudamericana via league finish,,,,,,2024,Série A
11,Vitória,38,13,8,17,45,52,-7,47,1.24,23.381,Alerrandro - 15,Lucas Arcanjo,→ Copa Sudamericana via league finish,,,,,,2024,Série A
12,Atlético Mineiro,38,11,14,13,47,54,-7,47,1.24,27.355,Hulk - 10,Éverson,→ Copa Sudamericana via league finish,,,,,,2024,Série A
13,Fluminense,38,12,10,16,33,39,-6,46,1.21,34.193,Jhon Arias - 7,Fábio,→ Copa Sudamericana via league finish,,,,,,2024,Série A
14,Grêmio,38,12,9,17,44,50,-6,45,1.18,26.123,Martin Braithwaite - 8,Agustín Marchesín,→ Copa Sudamericana via league finish,,,,,,2024,Série A
15,Juventude,38,11,12,15,48,59,-11,45,1.18,8.67,Lucas Barbosa - 7,Gabriel,,,,,,,2024,Série A
16,RB Bragantino,38,10,14,14,44,48,-4,44,1.16,6.044,Eduardo Sasha - 8,Cleiton Schwengber,,,,,,,2024,Série A
17,Athletico Paranaense,38,11,9,18,40,46,-6,42,1.11,31.923,"Nikão, Julimar - 6",Mycael,Relegated,,,,,,2024,Série A
18,Criciúma,38,9,11,18,42,61,-19,38,1.00,14.624,Yannick Bolasie - 8,Gustavo,Relegated,,,,,,2024,Série A
19,Atlético Goianiense,38,7,9,22,29,58,-29,30,0.79,7.46,Luiz Fernando - 8,Ronaldo,Relegated,,,,,,2024,Série A
20,Cuiabáá,38,6,12,20,29,49,-20,30,0.79,7.491,Isidro Pitta - 7,Walter,Relegated,,,,,,2024,Série A
Squad Standard Stats 2024 Série A,,,,,,,,,,,,,,,,,,,,2024,Série A
View Player Stats,,,,,,,,,,,,,,,,,,,,2024,Série A
Toggle Per90 Stats,,,,,,,,,,,,,,,,,,,,2024,Série A
Squad Stats,,,,,,,,,,,,,,,,,,,,2024,Série A
Opponent Stats,,,,,,,,,,,,,,,,,,,,2024,Série A
Squad,# Pl,Age,Poss,MP,Starts,Min,90s,Gls,Ast,G+A,G-PK,PK,PKatt,CrdY,Gls,Ast,G+A,G-PK,G+A-PK,2024,Série A
Athletico Paranaense,31,26.2,46.9,38,418,3.42,38.0,39,35,74,38,1,2,92,1.03,0.92,1.95,1.00,1.92,2024,Série A
Atlético Goianiense,40,26.5,47.4,38,418,3.42,38.0,28,16,44,25,3,5,109,0.74,0.42,1.16,0.66,1.08,2024,Série A
Atlético Mineiro,36,28.1,57.2,38,418,3.42,38.0,47,23,70,36,11,13,113,1.24,0.61,1.84,0.95,1.55,2024,Série A
Bahia,30,27.7,55.8,38,418,3.42,38.0,49,40,89,47,2,2,83,1.29,1.05,2.34,1.24,2.29,2024,Série A
Botafogo (RJ),38,27.9,53.8,38,418,3.42,38.0,58,41,99,54,4,6,96,1.53,1.08,2.61,1.42,2.50,2024,Série A
Corinthians,43,26.3,50.8,38,418,3.42,38.0,54,36,90,49,5,6,111,1.42,0.95,2.37,1.29,2.24,2024,Série A
Criciúma,34,30.0,42.9,38,418,3.42,38.0,42,27,69,42,0,0,99,1.11,0.71,1.82,1.11,1.82,2024,Série A
Cruzeiro,39,26.9,53.1,38,418,3.42,38.0,43,30,73,39,4,5,97,1.13,0.79,1.92,1.03,1.82,2024,Série A
Cuiabá,32,27.8,42.6,38,418,3.42,38.0,28,16,44,24,4,5,107,0.74,0.42,1.16,0.63,1.05,2024,Série A
Flamengo,38,27.3,55.8,38,418,3.42,38.0,60,42,102,51,9,11,75,1.58,1.11,2.68,1.34,2.45,2024,Série A
Fluminense,39,30.4,55.5,38,418,3.42,38.0,31,26,57,30,1,4,115,0.82,0.68,1.50,0.79,1.47,2024,Série A
Fortaleza,28,29.8,42.7,38,418,3.42,38.0,51,38,89,48,3,5,99,1.34,1.00,2.34,1.26,2.26,2024,Série A
Grêmio,38,28.5,46.0,38,418,3.42,38.0,42,28,70,39,3,3,88,1.11,0.74,1.84,1.03,1.76,2024,Série A
Internacional,37,27.5,52.7,38,418,3.42,38.0,52,33,85,48,4,8,99,1.37,0.87,2.24,1.26,2.13,2024,Série A
Juventude,36,28.1,47.1,38,418,3.42,38.0,48,40,88,48,0,1,113,1.26,1.05,2.32,1.26,2.32,2024,Série A
Palmeiras,32,26.6,53.7,38,418,3.42,38.0,58,35,93,50,8,9,90,1.53,0.92,2.45,1.32,2.24,2024,Série A
RB Bragantino,38,24.8,47.3,38,418,3.42,38.0,44,32,76,41,3,3,101,1.16,0.84,2.00,1.08,1.92,2024,Série A
São Paulo,38,28.5,57.5,38,418,3.42,38.0,51,36,87,48,3,4,95,1.34,0.95,2.29,1.26,2.21,2024,Série A
Vasco da Gama,40,27.5,48.9,38,418,3.42,38.0,42,32,74,41,1,3,94,1.11,0.84,1.95,1.08,1.92,2024,Série A
Vitória,41,27.0,42.4,38,418,3.42,38.0,44,27,71,37,7,7,103,1.16,0.71,1.87,0.97,1.68,2024,Série A
"Totals may not be complete for all senior-level play, see coverage note.",,,,,,,,,,,,,,,,,,,,2024,Série A
Squad Goalkeeping 2024 Série A,,,,,,,,,,,,,,,,,,,,2024,Série A
View Player Stats,,,,,,,,,,,,,,,,,,,,2024,Série A
Toggle Per90 Stats,,,,,,,,,,,,,,,,,,,,2024,Série A
Squad Stats,,,,,,,,,,,,,,,,,,,,2024,Série A
Opponent Stats,,,,,,,,,,,,,,,,,,,,2024,Série A
Squad,# Pl,MP,Starts,Min,90s,GA,GA90,SoTA,Saves,Save%,W,D,L,CS,PKatt,PKA,PKsv,PKm,Save%,2024,Série A
Athletico Paranaense,3,38,38,3.418,38.0,46,1.21,173,124,73.4,11,9,18,9,3,0,3,0,100.0,2024,Série A
Atlético Goianiense,2,38,38,3.419,38.0,58,1.53,176,117,70.5,7,9,22,7,9,6,3,0,33.3,2024,Série A
Atlético Mineiro,3,38,38,3.419,38.0,54,1.42,165,110,70.3,11,14,13,9,7,5,2,0,28.6,2024,Série A
Bahia,3,38,38,3.42,38.0,49,1.29,164,114,71.3,15,8,15,10,3,2,1,0,33.3,2024,Série A
Botafogo (RJ),2,38,38,3.42,38.0,29,0.76,132,102,81.8,23,10,5,18,6,5,1,0,16.7,2024,Série A
Corinthians,4,38,38,3.42,38.0,45,1.18,179,135,78.2,15,11,12,10,7,6,1,0,14.3,2024,Série A
Criciúma,2,38,38,3.418,38.0,61,1.61,199,137,71.4,9,11,18,6,6,4,2,0,33.3,2024,Série A
Cruzeiro,2,38,38,3.42,38.0,41,1.08,173,133,77.5,14,10,14,12,2,2,0,0,0.0,2024,Série A
Cuiabá,2,38,38,3.42,38.0,49,1.29,181,131,76.2,6,12,20,10,7,6,1,0,14.3,2024,Série A
Flamengo,2,38,38,3.42,38.0,42,1.11,130,87,69.2,20,10,8,10,5,2,2,1,50.0,2024,Série A
Fluminense,2,38,38,3.42,38.0,39,1.03,173,134,79.8,12,10,16,13,4,4,0,0,0.0,2024,Série A
Fortaleza,1,38,38,3.42,38.0,39,1.03,195,156,82.6,19,11,8,13,5,5,0,0,0.0,2024,Série A
Grêmio,3,38,38,3.42,38.0,50,1.32,183,133,77.0,12,9,17,8,10,8,2,0,20.0,2024,Série A
Internacional,3,38,38,3.42,38.0,36,0.95,139,102,77.0,18,11,9,12,5,4,1,0,20.0,2024,Série A
Juventude,2,38,38,3.42,38.0,59,1.55,189,129,73.5,11,12,15,6,11,9,2,0,18.2,2024,Série A
Palmeiras,2,38,38,3.42,38.0,33,0.87,152,120,78.9,22,7,9,16,2,1,0,1,0.0,2024,Série A
RB Bragantino,3,38,38,3.42,38.0,48,1.26,183,134,74.3,10,14,14,6,3,1,2,0,66.7,2024,Série A
São Paulo,2,38,38,3.42,38.0,43,1.13,148,108,73.0,17,8,13,12,3,3,0,0,0.0,2024,Série A
Vasco da Gama,1,38,38,3.42,38.0,56,1.47,203,147,72.4,14,8,16,8,0,0,0,0,,2024,Série A
Vitória,2,38,38,3.42,38.0,52,1.37,164,114,70.1,13,8,17,9,4,3,0,1,0.0,2024,Série A
"Totals may not be complete for all senior-level play, see coverage note.",,,,,,,,,,,,,,,,,,,,2024,Série A
Become a Stathead & surf this site ad-free.,,,,,,,,,,,,,,,,,,,,2024,Série A
Squad Shooting 2024 Série A,,,,,,,,,,,,,,,,,,,,2024,Série A
View Player Stats,,,,,,,,,,,,,,,,,,,,2024,Série A
Toggle Per90 Stats,,,,,,,,,,,,,,,,,,,,2024,Série A
Squad Stats,,,,,,,,,,,,,,,,,,,,2024,Série A
Opponent Stats,,,,,,,,,,,,,,,,,,,,2024,Série A
Squad,# Pl,90s,Gls,Sh,SoT,SoT%,Sh/90,SoT/90,G/Sh,G/SoT,PK,PKatt,,,,,,,,2024,Série A
Athletico Paranaense,31,38.0,39,587,184,31.3,15.45,4.84,0.06,0.21,1,2,,,,,,,,2024,Série A
Atlético Goianiense,40,38.0,28,531,163,30.7,13.97,4.29,0.05,0.15,3,5,,,,,,,,2024,Série A
Atlético Mineiro,36,38.0,47,505,149,29.5,13.29,3.92,0.07,0.24,11,13,,,,,,,,2024,Série A
Bahia,30,38.0,49,512,172,33.6,13.47,4.53,0.09,0.27,2,2,,,,,,,,2024,Série A
Botafogo (RJ),38,38.0,58,570,200,35.1,15.00,5.26,0.09,0.27,4,6,,,,,,,,2024,Série A
Corinthians,43,38.0,54,553,192,34.7,14.55,5.05,0.09,0.26,5,6,,,,,,,,2024,Série A
Criciúma,34,38.0,42,504,166,32.9,13.26,4.37,0.08,0.25,0,0,,,,,,,,2024,Série A
Cruzeiro,39,38.0,43,492,152,30.9,12.95,4.00,0.08,0.26,4,5,,,,,,,,2024,Série A
Cuiabá,32,38.0,28,379,111,29.3,9.97,2.92,0.06,0.22,4,5,,,,,,,,2024,Série A
Flamengo,38,38.0,60,559,199,35.6,14.71,5.24,0.09,0.26,9,11,,,,,,,,2024,Série A
Fluminense,39,38.0,31,449,154,34.3,11.82,4.05,0.07,0.19,1,4,,,,,,,,2024,Série A
Fortaleza,28,38.0,51,451,141,31.3,11.87,3.71,0.11,0.34,3,5,,,,,,,,2024,Série A
Grêmio,38,38.0,42,446,156,35.0,11.74,4.11,0.09,0.25,3,3,,,,,,,,2024,Série A
Internacional,37,38.0,52,542,186,34.3,14.26,4.89,0.09,0.26,4,8,,,,,,,,2024,Série A
Juventude,36,38.0,48,491,171,34.8,12.92,4.50,0.10,0.28,0,1,,,,,,,,2024,Série A
Palmeiras,32,38.0,58,664,212,31.9,17.47,5.58,0.08,0.24,8,9,,,,,,,,2024,Série A
RB Bragantino,38,38.0,44,494,159,32.2,13.00,4.18,0.08,0.26,3,3,,,,,,,,2024,Série A
São Paulo,38,38.0,51,468,153,32.7,12.32,4.03,0.10,0.31,3,4,,,,,,,,2024,Série A
Vasco da Gama,40,38.0,42,437,136,31.1,11.50,3.58,0.09,0.30,1,3,,,,,,,,2024,Série A
Vitória,41,38.0,44,456,146,32.0,12.00,3.84,0.08,0.25,7,7,,,,,,,,2024,Série A
"Totals may not be complete for all senior-level play, see coverage note.",,,,,,,,,,,,,,,,,,,,2024,Série A
Squad Playing Time 2024 Série A,,,,,,,,,,,,,,,,,,,,2024,Série A
View Player Stats,,,,,,,,,,,,,,,,,,,,2024,Série A
Toggle Per90 Stats,,,,,,,,,,,,,,,,,,,,2024,Série A
Squad Stats,,,,,,,,,,,,,,,,,,,,2024,Série A
Opponent Stats,,,,,,,,,,,,,,,,,,,,2024,Série A
Squad,# Pl,Age,MP,Min,Mn/MP,Min%,90s,Starts,Mn/Start,Compl,Subs,Mn/Sub,unSub,PPM,onGA,+/-,+/-90,,,2024,Série A
Athletico Paranaense,31,26.2,38,3.42,90,100,38.0,418,80,231,184,23,269,1.11,46,-6,-0.16,,,2024,Série A
Atlético Goianiense,40,26.5,38,3.42,90,100,38.0,418,80,237,175,22,193,0.79,58,-29,-0.76,,,2024,Série A
Atlético Mineiro,36,28.1,38,3.42,90,100,38.0,418,81,253,158,21,248,1.24,54,-7,-0.18,,,2024,Série A
Bahia,30,27.7,38,3.42,90,100,38.0,418,80,231,189,21,260,1.39,49,0,0.00,,,2024,Série A
Botafogo (RJ),38,27.9,38,3.42,90,100,38.0,418,80,233,184,23,267,2.08,29,30,+0.79,,,2024,Série A
Corinthians,43,26.3,38,3.42,90,100,38.0,418,80,233,182,22,270,1.47,45,9,+0.24,,,2024,Série A
Criciúma,34,30.0,38,3.42,90,100,38.0,418,81,228,189,19,264,1.00,61,-19,-0.50,,,2024,Série A
Cruzeiro,39,26.9,38,3.42,90,100,38.0,418,81,233,180,20,267,1.37,41,2,+0.05,,,2024,Série A
Cuiabá,32,27.8,38,3.42,90,100,38.0,418,81,237,183,21,255,0.79,49,-20,-0.53,,,2024,Série A
Flamengo,38,27.3,38,3.42,90,100,38.0,418,82,259,159,22,295,1.84,42,19,+0.50,,,2024,Série A
Fluminense,39,30.4,38,3.42,90,100,38.0,418,81,236,182,21,266,1.21,39,-6,-0.16,,,2024,Série A
Fortaleza,28,29.8,38,3.42,90,100,38.0,418,81,224,188,19,264,1.79,39,14,+0.37,,,2024,Série A
Grêmio,38,28.5,38,3.42,90,100,38.0,418,81,228,187,20,265,1.18,50,-6,-0.16,,,2024,Série A
Internacional,37,27.5,38,3.42,90,100,38.0,418,80,238,181,22,258,1.71,36,17,+0.45,,,2024,Série A
Juventude,36,28.1,38,3.42,90,100,38.0,418,79,223,188,24,262,1.18,59,-11,-0.29,,,2024,Série A
Palmeiras,32,26.6,38,3.42,90,100,38.0,418,81,224,190,20,255,1.92,33,27,+0.71,,,2024,Série A
RB Bragantino,38,24.8,38,3.42,90,100,38.0,418,78,227,190,26,261,1.16,48,-4,-0.11,,,2024,Série A
São Paulo,38,28.5,38,3.42,90,100,38.0,418,82,241,176,19,275,1.55,43,10,+0.26,,,2024,Série A
Vasco da Gama,40,27.5,38,3.42,90,100,38.0,418,79,228,188,24,267,1.32,56,-13,-0.34,,,2024,Série A
Vitória,41,27.0,38,3.42,90,100,38.0,418,78,227,187,26,264,1.24,52,-7,-0.18,,,2024,Série A
"Totals may not be complete for all senior-level play, see coverage note.",,,,,,,,,,,,,,,,,,,,2024,Série A
Squad Miscellaneous Stats 2024 Série A,,,,,,,,,,,,,,,,,,,,2024,Série A
View Player Stats,,,,,,,,,,,,,,,,,,,,2024,Série A
Toggle Per90 Stats,,,,,,,,,,,,,,,,,,,,2024,Série A
Squad Stats,,,,,,,,,,,,,,,,,,,,2024,Série A
Opponent Stats,,,,,,,,,,,,,,,,,,,,2024,Série A
Squad,# Pl,90s,CrdY,CrdR,2CrdY,Fls,Fld,Off,Crs,Int,TklW,PKwon,PKcon,OG,,,,,,2024,Série A
Athletico Paranaense,31,38.0,92,6,2,496,383,50,811,369,413,1,3,0,,,,,,2024,Série A
Atlético Goianiense,40,38.0,109,11,4,477,426,48,767,344,367,5,9,2,,,,,,2024,Série A
Atlético Mineiro,36,38.0,113,12,9,495,466,60,725,312,418,11,7,1,,,,,,2024,Série A
Bahia,30,38.0,83,1,0,436,478,67,660,334,375,1,3,0,,,,,,2024,Série A
Botafogo (RJ),38,38.0,96,4,1,577,409,68,813,318,400,5,6,0,,,,,,2024,Série A
Corinthians,43,38.0,111,7,3,492,530,61,731,359,387,5,7,2,,,,,,2024,Série A
Criciúma,34,38.0,99,6,3,503,391,70,669,335,405,0,6,1,,,,,,2024,Série A
Cruzeiro,39,38.0,97,6,2,486,416,54,737,301,389,0,2,1,,,,,,2024,Série A
Cuiabá,32,38.0,107,1,0,446,415,55,594,302,374,4,7,0,,,,,,2024,Série A
Flamengo,38,38.0,75,4,2,434,500,55,694,293,421,8,5,1,,,,,,2024,Série A
Fluminense,39,38.0,115,5,2,462,542,38,650,299,393,3,4,0,,,,,,2024,Série A
Fortaleza,28,38.0,99,10,3,495,464,59,624,329,404,3,5,0,,,,,,2024,Série A
Grêmio,38,38.0,88,7,0,408,486,37,562,322,389,3,10,2,,,,,,2024,Série A
Internacional,37,38.0,99,1,0,575,436,60,767,340,449,7,5,0,,,,,,2024,Série A
Juventude,36,38.0,113,13,9,468,505,51,761,349,409,1,11,1,,,,,,2024,Série A
Palmeiras,32,38.0,90,5,1,524,482,78,913,328,410,7,2,1,,,,,,2024,Série A
RB Bragantino,38,38.0,101,4,0,496,451,38,692,336,440,2,3,1,,,,,,2024,Série A
São Paulo,38,38.0,95,3,2,459,488,58,705,272,361,4,3,3,,,,,,2024,Série A
Vasco da Gama,40,38.0,94,7,2,470,433,60,735,351,485,3,0,0,,,,,,2024,Série A
Vitória,41,38.0,103,6,1,446,471,54,728,360,406,5,4,2,,,,,,2024,Série A
1,Atlético Goianiense,38,22,10,6,60,35,25,76,2.00,5.767,Júnior Viçosa - 10,Kléver,Promoted,,,,,,2016,Série B
2,Avaíí,38,19,9,10,45,34,11,66,1.74,5.919,Rômulo - 12,Renan dos Santos,Promoted,,,,,,2016,Série B
3,Vasco da Gama,38,19,8,11,54,41,13,65,1.71,7.613,Nenê - 13,Martín Silva,Promoted,,,,,,2016,Série B
4,Bahia,38,18,9,11,57,34,23,63,1.66,15.66,Hernane - 11,Muriel Becker,Promoted,,,,,,2016,Série B
5,Náutico,38,18,6,14,55,43,12,60,1.58,7.428,Rony - 11,Júlio César,,,,,,,2016,Série B
6,Londrina,38,16,12,10,40,29,11,60,1.58,4.998,Germano - 9,Marcelo Rangel,,,,,,,2016,Série B
7,CRB,38,17,7,14,57,54,3,58,1.53,6.769,Zé Carlos - 9,Juliano,,,,,,,2016,Série B
8,Criciúma,38,16,8,14,49,46,3,56,1.47,4.059,Gustavo - 11,Luiz Silva Filho,,,,,,,2016,Série B
9,Luverdense,38,13,16,9,43,39,4,55,1.45,1.506,Hugo - 9,Diogo Silva,,,,,,,2016,Série B
10,Cearáá,38,14,12,12,49,47,2,54,1.42,11.079,Bill - 15,Éverson,,,,,,,2016,Série B
11,Brasil (RS),38,14,12,12,40,38,2,54,1.42,2.755,Felipe Garcia - 13,Eduardo Martini,,,,,,,2016,Série B
12,Vila Nova,38,15,8,15,54,52,2,53,1.39,5.048,Moisés - 9,Wagner Bueno,,,,,,,2016,Série B
13,Goiás,38,13,11,14,49,48,1,50,1.32,4.321,Léo Gamalho - 11,Renan Brito Soares,,,,,,,2016,Série B
14,Paysandu,38,11,16,11,40,44,-4,49,1.29,8.98,"Lucas, Leandro Cearense - 7",Emerson Conceição,,,,,,,2016,Série B
15,Oeste,38,8,17,13,32,46,-14,41,1.08,1.58,Marcus Vinícius - 7,Felipe Alves Raymundo,,,,,,,2016,Série B
16,Paraná,38,10,11,17,39,55,-16,41,1.08,2.249,Robson - 8,Marcos Barbosa Oliveira,,,,,,,2016,Série B
17,Joinville,38,9,13,16,32,42,-10,40,1.05,3.993,"Jael Ferreira, Fernando Viana - 7",Jhonatan,Relegated,,,,,,2016,Série B
18,Tupi FC,38,8,9,21,40,56,-16,33,0.87,1.627,Hiroshi - 7,Rafael Santos,Relegated,,,,,,2016,Série B
19,Bragantino,38,8,8,22,30,54,-24,32,0.84,1.001,Rafael Grampola - 7,Felipe,Relegated,,,,,,2016,Série B
20,Sampaio Corrêa,38,5,12,21,29,57,-28,27,0.71,4.931,Thiago Santos - 5,Rodrigo Ramos,Relegated,,,,,,2016,Série B
Squad Goalkeeping 2016 Série B,,,,,,,,,,,,,,,,,,,,2016,Série B
View Player Stats,,,,,,,,,,,,,,,,,,,,2016,Série B
Toggle Per90 Stats,,,,,,,,,,,,,,,,,,,,2016,Série B
Squad Stats,,,,,,,,,,,,,,,,,,,,2016,Série B
Opponent Stats,,,,,,,,,,,,,,,,,,,,2016,Série B
Squad,# Pl,MP,Starts,Min,90s,GA,GA90,SoTA,Saves,Save%,W,D,L,CS,PKatt,PKA,PKsv,PKm,Save%,2016,Série B
Atlético Goianiense,4,38,38,3.42,38.0,0,0.00,0,0,,22,10,6,15,4,3,1,0,25.0,2016,Série B
Avaí,1,38,38,3.42,38.0,0,0.00,0,0,,19,9,10,15,5,4,1,0,20.0,2016,Série B
Bahia,3,38,38,3.42,38.0,0,0.00,0,0,,18,9,11,18,5,1,2,2,66.7,2016,Série B
Bragantino,3,38,38,3.42,38.0,0,0.00,0,0,,8,8,22,8,8,6,1,1,14.3,2016,Série B
Brasil (RS),2,38,38,3.42,38.0,0,0.00,0,0,,14,12,12,10,3,1,1,1,50.0,2016,Série B
Ceará,2,38,38,3.42,38.0,0,0.00,0,0,,14,12,12,10,8,7,1,0,12.5,2016,Série B
CRB,3,38,38,3.42,38.0,0,0.00,0,0,,17,7,14,5,7,5,1,1,16.7,2016,Série B
Criciúma,2,38,38,3.42,38.0,0,0.00,0,0,,16,8,14,10,8,3,3,2,50.0,2016,Série B
Goiás,3,38,38,3.42,38.0,0,0.00,0,0,,13,11,14,9,6,3,3,0,50.0,2016,Série B
Joinville,5,38,38,3.418,38.0,0,0.00,0,0,,9,13,16,9,4,4,0,0,0.0,2016,Série B
Londrina,2,38,38,3.42,38.0,0,0.00,0,0,,16,12,10,14,3,3,0,0,0.0,2016,Série B
Luverdense,2,38,38,3.42,38.0,0,0.00,0,0,,13,16,9,10,3,3,0,0,0.0,2016,Série B
Náutico,2,38,38,3.42,38.0,0,0.00,0,0,,18,6,14,14,6,4,1,1,20.0,2016,Série B
Oeste,4,38,38,3.419,38.0,0,0.00,0,0,,8,17,13,11,5,3,1,1,25.0,2016,Série B
Paraná,3,38,38,3.42,38.0,0,0.00,0,0,,10,11,17,9,3,3,0,0,0.0,2016,Série B
Paysandu,2,38,38,3.416,38.0,0,0.00,0,0,,11,16,11,15,7,6,1,0,14.3,2016,Série B
Sampaio Corrêa,4,38,38,3.42,38.0,0,0.00,0,0,,5,12,21,8,7,7,0,0,0.0,2016,Série B
Tupi FC,2,38,38,3.418,38.0,0,0.00,0,0,,8,9,21,7,2,2,0,0,0.0,2016,Série B
Vasco da Gama,2,38,38,3.42,38.0,0,0.00,0,0,,19,8,11,13,5,2,2,1,50.0,2016,Série B
Vila Nova,4,38,38,3.42,38.0,0,0.00,0,0,,15,8,15,9,7,4,2,1,33.3,2016,Série B
"Totals may not be complete for all senior-level play, see coverage note.",,,,,,,,,,,,,,,,,,,,2016,Série B
Become a Stathead & surf this site ad-free.,,,,,,,,,,,,,,,,,,,,2016,Série B
Squad Playing Time 2016 Série B,,,,,,,,,,,,,,,,,,,,2016,Série B
View Player Stats,,,,,,,,,,,,,,,,,,,,2016,Série B
Toggle Per90 Stats,,,,,,,,,,,,,,,,,,,,2016,Série B
Squad Stats,,,,,,,,,,,,,,,,,,,,2016,Série B
Opponent Stats,,,,,,,,,,,,,,,,,,,,2016,Série B
Squad,# Pl,Age,MP,Min,Mn/MP,Min%,90s,Starts,Mn/Start,Compl,Subs,Mn/Sub,unSub,PPM,onGA,+/-,+/-90,,,2016,Série B
Atlético Goianiense,32,26.0,38,3.42,90,100,38.0,418,84,,114,19,250,2.00,35,25,+0.66,,,2016,Série B
Avaí,37,25.2,38,3.42,90,100,38.0,418,83,,114,25,260,1.74,34,11,+0.29,,,2016,Série B
Bahia,34,26.3,38,3.42,90,100,38.0,418,83,,114,24,277,1.66,34,23,+0.61,,,2016,Série B
Bragantino,58,26.3,38,3.42,90,100,38.0,418,83,,114,25,242,0.84,54,-24,-0.63,,,2016,Série B
Brasil (RS),26,30.1,38,3.42,90,100,38.0,418,85,,113,17,287,1.42,38,2,+0.05,,,2016,Série B
Ceará,39,26.6,38,3.42,90,100,38.0,418,83,,113,24,257,1.42,47,2,+0.05,,,2016,Série B
CRB,35,28.4,38,3.42,90,100,38.0,418,84,,114,21,251,1.53,54,3,+0.08,,,2016,Série B
Criciúma,35,24.8,38,3.42,90,100,38.0,418,83,,113,24,247,1.47,46,3,+0.08,,,2016,Série B
Goiás,41,26.2,38,3.42,90,100,38.0,418,83,,114,24,256,1.32,48,1,+0.03,,,2016,Série B
Joinville,48,26.3,38,3.42,90,100,38.0,418,83,,114,26,247,1.05,42,-10,-0.26,,,2016,Série B
Londrina,39,25.6,38,3.42,90,100,38.0,418,84,,114,23,281,1.58,29,11,+0.29,,,2016,Série B
Luverdense,37,25.9,38,3.42,90,100,38.0,419,83,,111,22,235,1.45,39,4,+0.11,,,2016,Série B
Náutico,44,25.5,38,3.42,90,100,38.0,418,83,,114,25,262,1.58,43,12,+0.32,,,2016,Série B
Oeste,40,25.2,38,3.42,90,100,38.0,418,84,,109,24,217,1.08,46,-14,-0.37,,,2016,Série B
Paraná,41,27.0,38,3.42,90,100,38.0,418,83,,107,25,223,1.08,55,-16,-0.42,,,2016,Série B
Paysandu,38,28.3,38,3.42,90,100,38.0,418,84,,113,20,246,1.29,44,-4,-0.11,,,2016,Série B
Sampaio Corrêa,58,27.9,38,3.42,90,100,38.0,418,83,,114,26,260,0.71,57,-28,-0.74,,,2016,Série B
Tupi FC,36,26.9,38,3.42,90,100,38.0,418,83,,114,24,231,0.87,56,-16,-0.42,,,2016,Série B
Vasco da Gama,34,28.8,38,3.42,90,100,38.0,418,83,,114,26,318,1.71,41,13,+0.34,,,2016,Série B
Vila Nova,43,28.0,38,3.42,90,100,38.0,418,81,,113,31,222,1.39,52,2,+0.05,,,2016,Série B
"Totals may not be complete for all senior-level play, see coverage note.",,,,,,,,,,,,,,,,,,,,2016,Série B
Squad Miscellaneous Stats 2016 Série B,,,,,,,,,,,,,,,,,,,,2016,Série B
View Player Stats,,,,,,,,,,,,,,,,,,,,2016,Série B
Toggle Per90 Stats,,,,,,,,,,,,,,,,,,,,2016,Série B
Squad Stats,,,,,,,,,,,,,,,,,,,,2016,Série B
Opponent Stats,,,,,,,,,,,,,,,,,,,,2016,Série B
Squad,# Pl,90s,CrdY,CrdR,2CrdY,Fls,Fld,Off,Crs,Int,TklW,PKwon,PKcon,OG,,,,,,2016,Série B
Atlético Goianiense,32,38.0,94,5,4,,0,0,0,0,0,0,0,0,,,,,,2016,Série B
Avaí,37,38.0,104,7,5,,0,0,0,0,0,0,0,0,,,,,,2016,Série B
Bahia,34,38.0,100,3,2,,0,0,0,0,0,0,0,0,,,,,,2016,Série B
Bragantino,58,38.0,95,6,4,,0,0,0,0,0,0,0,2,,,,,,2016,Série B
Brasil (RS),26,38.0,90,7,6,,0,0,0,0,0,0,0,2,,,,,,2016,Série B
Ceará,39,38.0,99,4,4,,0,0,0,0,0,0,0,2,,,,,,2016,Série B
CRB,35,38.0,97,12,6,,0,0,0,0,0,0,0,1,,,,,,2016,Série B
Criciúma,35,38.0,105,3,1,,0,0,0,0,0,0,0,1,,,,,,2016,Série B
Goiás,41,38.0,94,6,2,,0,0,0,0,0,0,0,2,,,,,,2016,Série B
Joinville,48,38.0,91,8,4,,0,0,0,0,0,0,0,0,,,,,,2016,Série B
Londrina,39,38.0,118,3,1,,0,0,0,0,0,0,0,1,,,,,,2016,Série B
Luverdense,37,38.0,80,7,3,,0,0,0,0,0,0,0,1,,,,,,2016,Série B
Náutico,44,38.0,90,3,1,,0,0,0,0,0,0,0,0,,,,,,2016,Série B
Oeste,40,38.0,60,4,2,,0,0,0,0,0,0,0,3,,,,,,2016,Série B
Paraná,41,38.0,101,11,7,,0,0,0,0,0,0,0,0,,,,,,2016,Série B
Paysandu,38,38.0,103,6,2,,0,0,0,0,0,0,0,0,,,,,,2016,Série B
Sampaio Corrêa,58,38.0,87,6,4,,0,0,0,0,0,0,0,0,,,,,,2016,Série B
Tupi FC,36,38.0,87,5,2,,0,0,0,0,0,0,0,1,,,,,,2016,Série B
Vasco da Gama,34,38.0,112,3,2,,0,0,0,0,0,0,0,2,,,,,,2016,Série B
Vila Nova,43,38.0,106,12,8,,0,0,0,0,0,0,0,,,,,,,2016,Série B
1,América–MG,38,20,13,5,46,25,21,73,1.92,5.228,Bill - 9,João Ricardo Riedi,Promoted,,,,,,2017,Série B
2,Internacional,38,20,11,7,54,26,28,71,1.87,23.328,William Pottker - 10,Danilo Fernandes,Promoted,,,,,,2017,Série B
3,Cearáá,38,19,10,9,46,32,14,67,1.76,20.645,Élton Rodrigues Brandão - 9,Éverson,Promoted,,,,,,2017,Série B
4,Paraná,38,18,10,10,49,28,21,64,1.68,10.631,Renatinho - 9,Richard,Promoted,,,,,,2017,Série B
5,Londrina,38,18,8,12,56,46,10,62,1.63,2.918,Jonatas Belusso - 11,César Reis,,,,,,,2017,Série B
6,Oeste,38,14,17,7,43,31,12,59,1.55,2.801,Mazinho - 16,Rodolfo de Melo,,,,,,,2017,Série B
7,Vila Nova,38,15,13,10,38,30,8,58,1.53,6.813,Alan Mineiro - 11,Luís Carlos,,,,,,,2017,Série B
8,Brasil (RS),38,15,6,17,43,50,-7,51,1.34,3.312,Rafinha - 9,Marcelo Pitol,,,,,,,2017,Série B
9,Juventude,38,13,12,13,35,38,-3,51,1.34,4.092,Tiago Marques - 11,Matheus Cavichioli,,,,,,,2017,Série B
10,Boa,38,12,14,12,40,42,-2,50,1.32,1.24,"Rodolfo, Thaciano - 10",Fabrício,,,,,,,2017,Série B
11,Paysandu,38,13,9,16,41,41,0,48,1.26,6.161,Bergson da Silva - 16,Emerson Conceição,,,,,,,2017,Série B
12,Figueirense,38,12,12,14,44,49,-5,48,1.26,4.107,Henan Faria da Silveira - 12,Saulo,,,,,,,2017,Série B
13,Criciúma,38,12,12,14,41,46,-5,48,1.26,3.162,Lucão - 10,Luiz Silva Filho,,,,,,,2017,Série B
14,Goiás,38,12,9,17,35,46,-11,45,1.18,5.416,Carlos Eduardo - 9,Marcelo Rangel,,,,,,,2017,Série B
15,CRB,38,12,9,17,35,50,-15,45,1.18,5.796,Neto Baiano - 8,Edson Kölln,,,,,,,2017,Série B
16,Guarani,38,11,11,16,36,46,-10,44,1.16,3.78,Fumagalli - 5,Leandro Santos,,,,,,,2017,Série B
17,Luverdense,38,10,14,14,38,40,-2,44,1.16,1.276,"Marcos Aurélio, Rafael Silva... - 5",Diogo Silva,Relegated,,,,,,2017,Série B
18,Santa Cruz,38,8,13,17,43,54,-11,37,0.97,7.339,"Ricardo Bueno, João Paulo Alves - 6",Júlio César,Relegated,,,,,,2017,Série B
19,ABC,38,9,7,22,28,49,-21,34,0.89,3.255,Dalberto - 8,Édson,Relegated,,,,,,2017,Série B
20,Náutico,38,8,8,22,29,51,-22,32,0.84,3.352,William - 5,Jefferson da Silva,Relegated,,,,,,2017,Série B
Squad Standard Stats 2017 Série B,,,,,,,,,,,,,,,,,,,,2017,Série B
View Player Stats,,,,,,,,,,,,,,,,,,,,2017,Série B
Toggle Per90 Stats,,,,,,,,,,,,,,,,,,,,2017,Série B
Squad Stats,,,,,,,,,,,,,,,,,,,,2017,Série B
Opponent Stats,,,,,,,,,,,,,,,,,,,,2017,Série B
Squad,# Pl,Age,Poss,MP,Starts,Min,90s,Gls,Ast,G+A,G-PK,PK,PKatt,CrdY,Gls,Ast,G+A,G-PK,G+A-PK,2017,Série B
ABC,44,26.4,50.1,38,418,3.42,38.0,28,22,50,27,1,2,98,0.74,0.58,1.32,0.71,1.29,2017,Série B
América–MG,34,27.3,51.8,38,418,3.42,38.0,45,33,78,38,7,7,61,1.18,0.87,2.05,1.00,1.87,2017,Série B
Boa,39,27.0,49.3,38,418,3.42,38.0,39,26,65,34,5,8,104,1.03,0.68,1.71,0.89,1.58,2017,Série B
Brasil (RS),31,29.2,46.1,38,418,3.42,38.0,43,22,65,40,3,3,115,1.13,0.58,1.71,1.05,1.63,2017,Série B
Ceará,32,27.2,54.8,38,418,3.42,38.0,45,28,73,44,1,2,83,1.18,0.74,1.92,1.16,1.89,2017,Série B
CRB,34,28.8,49.9,38,418,3.42,38.0,35,23,58,31,4,5,108,0.92,0.61,1.53,0.82,1.42,2017,Série B
Criciúma,35,26.6,49.6,38,418,3.42,38.0,38,26,64,35,3,4,92,1.00,0.68,1.68,0.92,1.61,2017,Série B
Figueirense,43,27.2,50.7,38,418,3.42,38.0,44,29,73,38,6,6,94,1.16,0.76,1.92,1.00,1.76,2017,Série B
Goiás,37,26.5,51.1,38,418,3.42,38.0,34,25,59,34,0,2,90,0.89,0.66,1.55,0.89,1.55,2017,Série B
Guarani,39,26.6,51.8,38,418,3.42,38.0,35,22,57,30,5,5,73,0.92,0.58,1.50,0.79,1.37,2017,Série B
Internacional,37,26.4,56.0,38,418,3.42,38.0,53,37,90,46,7,10,102,1.39,0.97,2.37,1.21,2.18,2017,Série B
Juventude,32,27.9,49.2,38,418,3.42,38.0,34,25,59,33,1,1,90,0.89,0.66,1.55,0.87,1.53,2017,Série B
Londrina,43,25.2,47.9,38,418,3.42,38.0,54,39,93,49,5,7,90,1.42,1.03,2.45,1.29,2.32,2017,Série B
Luverdense,31,26.2,56.1,38,418,3.42,38.0,38,29,67,37,1,1,91,1.00,0.76,1.76,0.97,1.74,2017,Série B
Náutico,48,25.2,44.6,38,418,3.42,38.0,27,16,43,22,5,8,87,0.71,0.42,1.13,0.58,1.00,2017,Série B
Oeste,36,26.4,47.4,38,418,3.42,38.0,42,25,67,35,7,9,82,1.11,0.66,1.76,0.92,1.58,2017,Série B
Paraná,38,24.4,49.1,38,418,3.42,38.0,47,28,75,39,8,8,80,1.24,0.74,1.97,1.03,1.76,2017,Série B
Paysandu,39,28.0,47.4,38,418,3.42,38.0,39,30,69,35,4,5,105,1.03,0.79,1.82,0.92,1.71,2017,Série B
Santa Cruz,43,27.5,54.1,38,418,3.42,38.0,43,29,72,39,4,5,86,1.13,0.76,1.89,1.03,1.79,2017,Série B
Vila Nova,34,27.2,43.9,38,418,3.42,38.0,38,20,58,33,5,5,84,1.00,0.53,1.53,0.87,1.39,2017,Série B
"Totals may not be complete for all senior-level play, see coverage note.",,,,,,,,,,,,,,,,,,,,2017,Série B
Squad Goalkeeping 2017 Série B,,,,,,,,,,,,,,,,,,,,2017,Série B
View Player Stats,,,,,,,,,,,,,,,,,,,,2017,Série B
Toggle Per90 Stats,,,,,,,,,,,,,,,,,,,,2017,Série B
Squad Stats,,,,,,,,,,,,,,,,,,,,2017,Série B
Opponent Stats,,,,,,,,,,,,,,,,,,,,2017,Série B
Squad,# Pl,MP,Starts,Min,90s,GA,GA90,SoTA,Saves,Save%,W,D,L,CS,PKatt,PKA,PKsv,PKm,Save%,2017,Série B
ABC,2,38,38,3.417,38.0,48,1.26,0,0,,9,7,22,7,8,7,0,1,0.0,2017,Série B
América–MG,2,38,38,3.42,38.0,25,0.66,0,0,,20,13,5,21,4,4,0,0,0.0,2017,Série B
Boa,3,38,38,3.418,38.0,42,1.11,0,0,,12,14,12,12,8,8,0,0,0.0,2017,Série B
Brasil (RS),3,38,38,3.42,38.0,50,1.32,0,0,,15,6,17,10,3,2,1,0,33.3,2017,Série B
Ceará,2,38,38,3.42,38.0,32,0.84,0,0,,19,10,9,18,6,4,1,1,20.0,2017,Série B
CRB,3,38,38,3.42,38.0,50,1.32,0,0,,12,9,17,9,4,3,1,0,25.0,2017,Série B
Criciúma,2,38,38,3.419,38.0,46,1.21,0,0,,12,12,14,9,6,4,2,0,33.3,2017,Série B
Figueirense,4,38,38,3.42,38.0,49,1.29,0,0,,12,12,14,9,1,1,0,0,0.0,2017,Série B
Goiás,2,38,38,3.42,38.0,46,1.21,0,0,,12,9,17,8,7,3,4,0,57.1,2017,Série B
Guarani,2,38,38,3.42,38.0,46,1.21,0,0,,11,11,16,13,5,5,0,0,0.0,2017,Série B
Internacional,2,38,38,3.42,38.0,27,0.71,0,0,,20,11,7,19,1,1,0,0,0.0,2017,Série B
Juventude,3,38,38,3.42,38.0,38,1.00,0,0,,13,12,13,14,3,2,1,0,33.3,2017,Série B
Londrina,2,38,38,3.42,38.0,46,1.21,0,0,,18,8,12,11,6,5,0,1,0.0,2017,Série B
Luverdense,2,38,38,3.42,38.0,40,1.05,0,0,,10,14,14,14,3,3,0,0,0.0,2017,Série B
Náutico,4,38,38,3.42,38.0,51,1.34,0,0,,8,8,22,12,11,8,3,0,27.3,2017,Série B
Oeste,3,38,38,3.418,38.0,30,0.79,0,0,,14,17,7,18,5,4,0,1,0.0,2017,Série B
Paraná,4,38,38,3.42,38.0,28,0.74,0,0,,18,10,10,18,6,3,2,1,40.0,2017,Série B
Paysandu,2,38,38,3.42,38.0,41,1.08,0,0,,13,9,16,11,5,2,2,1,50.0,2017,Série B
Santa Cruz,2,38,38,3.417,38.0,54,1.42,0,0,,8,13,17,9,10,10,0,0,0.0,2017,Série B
Vila Nova,3,38,38,3.417,38.0,30,0.79,0,0,,15,13,10,14,3,3,0,0,0.0,2017,Série B
"Totals may not be complete for all senior-level play, see coverage note.",,,,,,,,,,,,,,,,,,,,2017,Série B
Become a Stathead & surf this site ad-free.,,,,,,,,,,,,,,,,,,,,2017,Série B
Squad Playing Time 2017 Série B,,,,,,,,,,,,,,,,,,,,2017,Série B
View Player Stats,,,,,,,,,,,,,,,,,,,,2017,Série B
Toggle Per90 Stats,,,,,,,,,,,,,,,,,,,,2017,Série B
Squad Stats,,,,,,,,,,,,,,,,,,,,2017,Série B
Opponent Stats,,,,,,,,,,,,,,,,,,,,2017,Série B
Squad,# Pl,Age,MP,Min,Mn/MP,Min%,90s,Starts,Mn/Start,Compl,Subs,Mn/Sub,unSub,PPM,onGA,+/-,+/-90,,,2017,Série B
ABC,44,26.4,38,3.42,90,100,38.0,418,83,,114,24,247,0.89,49,-21,-0.55,,,2017,Série B
América–MG,34,27.3,38,3.42,90,100,38.0,418,85,,112,19,288,1.92,25,21,+0.55,,,2017,Série B
Boa,39,27.0,38,3.42,90,100,38.0,418,84,,109,21,238,1.32,42,-2,-0.05,,,2017,Série B
Brasil (RS),31,29.2,38,3.42,90,100,38.0,418,83,,111,24,259,1.34,50,-7,-0.18,,,2017,Série B
Ceará,32,27.2,38,3.42,90,100,38.0,418,85,,113,19,262,1.76,32,14,+0.37,,,2017,Série B
CRB,34,28.8,38,3.42,90,100,38.0,418,84,,114,23,275,1.18,50,-15,-0.39,,,2017,Série B
Criciúma,35,26.6,38,3.42,90,100,38.0,418,84,,113,22,253,1.26,46,-5,-0.13,,,2017,Série B
Figueirense,43,27.2,38,3.42,90,100,38.0,418,83,,114,24,260,1.26,49,-5,-0.13,,,2017,Série B
Goiás,37,26.5,38,3.42,90,100,38.0,418,83,,114,23,252,1.18,46,-11,-0.29,,,2017,Série B
Guarani,39,26.6,38,3.42,90,100,38.0,418,83,,114,25,253,1.16,46,-10,-0.26,,,2017,Série B
Internacional,37,26.4,38,3.42,90,100,38.0,418,84,,113,21,306,1.87,26,28,+0.74,,,2017,Série B
Juventude,32,27.9,38,3.42,90,100,38.0,418,84,,114,22,232,1.34,38,-3,-0.08,,,2017,Série B
Londrina,43,25.2,38,3.42,90,100,38.0,418,84,,114,20,280,1.63,46,10,+0.26,,,2017,Série B
Luverdense,31,26.2,38,3.42,90,100,38.0,418,83,,112,25,225,1.16,40,-2,-0.05,,,2017,Série B
Náutico,48,25.2,38,3.42,90,100,38.0,418,83,,113,25,234,0.84,51,-22,-0.58,,,2017,Série B
Oeste,36,26.4,38,3.42,90,100,38.0,418,83,,114,25,249,1.55,31,12,+0.32,,,2017,Série B
Paraná,38,24.4,38,3.42,90,100,38.0,418,84,,114,22,244,1.68,28,21,+0.55,,,2017,Série B
Paysandu,39,28.0,38,3.42,90,100,38.0,418,84,,114,22,250,1.26,41,0,0.00,,,2017,Série B
Santa Cruz,43,27.5,38,3.42,90,100,38.0,418,84,,112,23,247,0.97,54,-11,-0.29,,,2017,Série B
Vila Nova,34,27.2,38,3.42,90,100,38.0,418,84,,114,20,220,1.53,30,8,+0.21,,,2017,Série B
"Totals may not be complete for all senior-level play, see coverage note.",,,,,,,,,,,,,,,,,,,,2017,Série B
Squad Miscellaneous Stats 2017 Série B,,,,,,,,,,,,,,,,,,,,2017,Série B
View Player Stats,,,,,,,,,,,,,,,,,,,,2017,Série B
Toggle Per90 Stats,,,,,,,,,,,,,,,,,,,,2017,Série B
Squad Stats,,,,,,,,,,,,,,,,,,,,2017,Série B
Opponent Stats,,,,,,,,,,,,,,,,,,,,2017,Série B
Squad,# Pl,90s,CrdY,CrdR,2CrdY,Fls,Fld,Off,Crs,Int,TklW,PKwon,PKcon,OG,,,,,,2017,Série B
ABC,44,38.0,98,5,5,,0,0,0,0,0,0,0,1,,,,,,2017,Série B
América–MG,34,38.0,61,2,1,,0,0,0,0,0,0,0,0,,,,,,2017,Série B
Boa,39,38.0,104,5,4,,0,0,0,0,0,0,0,1,,,,,,2017,Série B
Brasil (RS),31,38.0,115,5,3,,0,0,0,0,0,0,0,1,,,,,,2017,Série B
Ceará,32,38.0,83,4,0,,0,0,0,0,0,0,0,1,,,,,,2017,Série B
CRB,34,38.0,108,4,2,,0,0,0,0,0,0,0,3,,,,,,2017,Série B
Criciúma,35,38.0,92,4,2,,0,0,0,0,0,0,0,2,,,,,,2017,Série B
Figueirense,43,38.0,94,6,5,,0,0,0,0,0,0,0,1,,,,,,2017,Série B
Goiás,37,38.0,90,7,4,,0,0,0,0,0,0,0,1,,,,,,2017,Série B
Guarani,39,38.0,73,4,3,,0,0,0,0,0,0,0,1,,,,,,2017,Série B
Internacional,37,38.0,102,1,0,,0,0,0,0,0,0,0,0,,,,,,2017,Série B
Juventude,32,38.0,90,5,2,,0,0,0,0,0,0,0,1,,,,,,2017,Série B
Londrina,43,38.0,90,6,4,,0,0,0,0,0,0,0,0,,,,,,2017,Série B
Luverdense,31,38.0,91,5,1,,0,0,0,0,0,0,0,0,,,,,,2017,Série B
Náutico,48,38.0,87,6,4,,0,0,0,0,0,0,0,0,,,,,,2017,Série B
Oeste,36,38.0,82,4,4,,0,0,0,0,0,0,0,3,,,,,,2017,Série B
Paraná,38,38.0,80,4,3,,0,0,0,0,0,0,0,2,,,,,,2017,Série B
Paysandu,39,38.0,105,5,3,,0,0,0,0,0,0,0,1,,,,,,2017,Série B
Santa Cruz,43,38.0,86,4,1,,0,0,0,0,0,0,0,0,,,,,,2017,Série B
Vila Nova,34,38.0,84,3,2,,0,0,0,0,0,0,0,0,,,,,,2017,Série B
1,Fortaleza,38,21,8,9,54,33,21,71,1.87,29.491,Gustavo - 14,Marcelo Boeck,Promoted,,,,,,2018,Série B
2,CSA,38,17,11,10,51,37,14,62,1.63,11.167,Didira - 7,Lucas Frigeri,Promoted,,,,,,2018,Série B
3,Avaíí,38,16,13,9,50,32,18,61,1.61,5.924,Renato - 12,Aranha,Promoted,,,,,,2018,Série B
4,Goiás,38,18,6,14,54,50,4,60,1.58,8.849,Lucão - 16,Marcos de Paula Dutra,Promoted,,,,,,2018,Série B
5,Ponte Preta,38,16,12,10,42,30,12,60,1.58,3.381,André Luis - 11,Ivan,,,,,,,2018,Série B
6,Atlético Goianiense,38,16,11,11,57,51,6,59,1.55,3.452,Júnior Brandão - 9,Jefferson da Silva,,,,,,,2018,Série B
7,Vila Nova,38,14,15,9,41,36,5,57,1.50,7.937,Alan Mineiro - 11,Mateus Pasinato,,,,,,,2018,Série B
8,Londrina,38,15,10,13,45,42,3,55,1.45,2.997,Dagoberto - 17,Vagner,,,,,,,2018,Série B
9,Guarani,38,14,12,12,44,39,5,54,1.42,4.983,Rafael Longuine - 10,Agenor Detofol,,,,,,,2018,Série B
10,Coritiba,38,13,13,12,40,44,-4,52,1.37,4.842,Guilherme Parede - 9,Wilson,,,,,,,2018,Série B
11,Brasil de Pelotas,38,13,11,14,36,35,1,50,1.32,2.862,"Éder Sciola, Michel - 6",Marcelo Pitol,,,,,,,2018,Série B
12,CRB,38,12,12,14,35,39,-4,48,1.26,5.1,Willians Santana - 11,João Carlos,,,,,,,2018,Série B
13,São Bento,38,11,14,13,41,41,0,47,1.24,2.322,Valmir Francis - 7,Rodrigo Viana,,,,,,,2018,Série B
14,Criciúma,38,11,14,13,45,49,-4,47,1.24,3.507,Liel - 8,Luiz Silva Filho,,,,,,,2018,Série B
15,Figueirense,38,11,13,14,48,51,-3,46,1.21,3.385,Élton Rodrigues Brandão - 10,Denis,,,,,,,2018,Série B
16,Oeste,38,9,19,10,36,40,-4,46,1.21,998,Mazinho - 6,Tadeu,,,,,,,2018,Série B
17,Paysandu,38,10,13,15,42,53,-11,43,1.13,4.997,Cassiano - 6,Renan Rocha,Relegated,,,,,,2018,Série B
18,Sampaio Corrêa,38,10,8,20,32,47,-15,38,1.00,3.136,"Uilliam, Maracás... - 4",Andrey,Relegated,,,,,,2018,Série B
19,Juventude,38,7,14,17,27,48,-21,35,0.92,2.649,Hugo Sanches - 4,Matheus Cavichioli,Relegated,,,,,,2018,Série B
20,Boa,38,7,9,22,26,49,-23,30,0.79,600,William Barbio - 5,Fabrício,Relegated,,,,,,2018,Série B
Squad Standard Stats 2018 Série B,,,,,,,,,,,,,,,,,,,,2018,Série B
View Player Stats,,,,,,,,,,,,,,,,,,,,2018,Série B
Toggle Per90 Stats,,,,,,,,,,,,,,,,,,,,2018,Série B
Squad Stats,,,,,,,,,,,,,,,,,,,,2018,Série B
Opponent Stats,,,,,,,,,,,,,,,,,,,,2018,Série B
Squad,# Pl,Age,Poss,MP,Starts,Min,90s,Gls,Ast,G+A,G-PK,PK,PKatt,CrdY,Gls,Ast,G+A,G-PK,G+A-PK,2018,Série B
Atlético Goianiense,35,25.1,54.4,38,419,3.42,38.0,54,40,94,49,5,6,96,1.42,1.05,2.47,1.29,2.34,2018,Série B
Avaí,32,27.0,45.3,38,418,3.42,38.0,49,31,80,44,5,8,100,1.29,0.82,2.11,1.16,1.97,2018,Série B
Boa,49,25.8,46.8,38,418,3.42,38.0,26,21,47,23,3,4,103,0.68,0.55,1.24,0.61,1.16,2018,Série B
Brasil de Pelotas,37,28.7,49.1,38,418,3.42,38.0,36,28,64,35,1,1,111,0.95,0.74,1.68,0.92,1.66,2018,Série B
Coritiba,39,26.4,50.9,38,418,3.42,38.0,39,28,67,34,5,6,111,1.03,0.74,1.76,0.89,1.63,2018,Série B
CRB,36,28.9,50.2,38,418,3.42,38.0,33,19,52,31,2,3,90,0.87,0.50,1.37,0.82,1.32,2018,Série B
Criciúma,39,26.7,48.2,38,418,3.42,38.0,45,26,71,38,7,8,118,1.18,0.68,1.87,1.00,1.68,2018,Série B
CSA,37,28.9,47.1,38,418,3.42,38.0,48,31,79,44,4,5,97,1.26,0.82,2.08,1.16,1.97,2018,Série B
Figueirense,37,26.7,52.7,38,418,3.42,38.0,47,31,78,44,3,4,101,1.24,0.82,2.05,1.16,1.97,2018,Série B
Fortaleza,37,27.1,58.7,38,418,3.42,38.0,53,34,87,48,5,6,98,1.39,0.89,2.29,1.26,2.16,2018,Série B
Goiás,33,26.2,52.2,38,418,3.42,38.0,54,41,95,53,1,2,98,1.42,1.08,2.50,1.39,2.47,2018,Série B
Guarani,41,25.2,51.6,38,418,3.42,38.0,42,25,67,38,4,4,88,1.11,0.66,1.76,1.00,1.66,2018,Série B
Juventude,39,27.7,48.8,38,418,3.42,38.0,26,19,45,25,1,1,114,0.68,0.50,1.18,0.66,1.16,2018,Série B
Londrina,45,27.3,48.4,38,418,3.42,38.0,44,26,70,35,9,11,119,1.16,0.68,1.84,0.92,1.61,2018,Série B
Oeste,38,25.4,49.3,38,418,3.42,38.0,35,28,63,35,0,0,90,0.92,0.74,1.66,0.92,1.66,2018,Série B
Paysandu,36,27.5,50.4,38,418,3.42,38.0,42,27,69,35,7,8,93,1.11,0.71,1.82,0.92,1.63,2018,Série B
Ponte Preta,32,24.1,49.6,38,418,3.42,38.0,40,32,72,38,2,3,89,1.05,0.84,1.89,1.00,1.84,2018,Série B
Sampaio Corrêa,43,25.9,51.5,38,418,3.42,38.0,31,19,50,30,1,2,115,0.82,0.50,1.32,0.79,1.29,2018,Série B
São Bento,42,28.8,46.9,38,418,3.42,38.0,41,25,66,35,6,8,96,1.08,0.66,1.74,0.92,1.58,2018,Série B
Vila Nova,31,28.8,48.9,38,418,3.42,38.0,41,31,72,37,4,5,95,1.08,0.82,1.89,0.97,1.79,2018,Série B
"Totals may not be complete for all senior-level play, see coverage note.",,,,,,,,,,,,,,,,,,,,2018,Série B
Squad Goalkeeping 2018 Série B,,,,,,,,,,,,,,,,,,,,2018,Série B
View Player Stats,,,,,,,,,,,,,,,,,,,,2018,Série B
Toggle Per90 Stats,,,,,,,,,,,,,,,,,,,,2018,Série B
Squad Stats,,,,,,,,,,,,,,,,,,,,2018,Série B
Opponent Stats,,,,,,,,,,,,,,,,,,,,2018,Série B
Squad,# Pl,MP,Starts,Min,90s,GA,GA90,SoTA,Saves,Save%,W,D,L,CS,PKatt,PKA,PKsv,PKm,Save%,2018,Série B
Atlético Goianiense,3,38,38,3.42,38.0,51,1.34,0,0,,16,11,11,12,5,5,0,0,0.0,2018,Série B
Avaí,3,38,38,3.42,38.0,32,0.84,0,0,,16,13,9,14,7,6,1,0,14.3,2018,Série B
Boa,4,38,38,3.42,38.0,49,1.29,0,0,,7,9,22,6,7,4,3,0,42.9,2018,Série B
Brasil de Pelotas,2,38,38,3.42,38.0,35,0.92,0,0,,13,11,14,15,3,3,0,0,0.0,2018,Série B
Coritiba,2,38,38,3.42,38.0,44,1.16,0,0,,13,13,12,12,9,6,1,2,14.3,2018,Série B
CRB,1,38,38,3.42,38.0,39,1.03,0,0,,12,12,14,10,4,3,1,0,25.0,2018,Série B
Criciúma,2,38,38,3.42,38.0,49,1.29,0,0,,11,14,13,12,1,1,0,0,0.0,2018,Série B
CSA,4,38,38,3.42,38.0,37,0.97,0,0,,17,11,10,16,3,3,0,0,0.0,2018,Série B
Figueirense,3,38,38,3.42,38.0,51,1.34,0,0,,11,13,14,9,6,5,1,0,16.7,2018,Série B
Fortaleza,4,38,38,3.42,38.0,33,0.87,0,0,,21,8,9,14,4,2,1,1,33.3,2018,Série B
Goiás,3,38,38,3.42,38.0,50,1.32,0,0,,18,6,14,6,4,3,0,1,0.0,2018,Série B
Guarani,5,38,38,3.42,38.0,38,1.00,0,0,,14,12,12,14,3,2,0,1,0.0,2018,Série B
Juventude,2,38,38,3.405,38.0,47,1.24,0,0,,7,14,17,12,4,3,1,0,25.0,2018,Série B
Londrina,2,38,38,3.417,38.0,42,1.11,0,0,,15,10,13,12,4,4,0,0,0.0,2018,Série B
Oeste,2,38,38,3.42,38.0,40,1.05,0,0,,9,19,10,14,6,4,2,0,33.3,2018,Série B
Paysandu,1,38,38,3.42,38.0,53,1.39,0,0,,10,13,15,9,2,1,1,0,50.0,2018,Série B
Ponte Preta,1,38,38,3.42,38.0,30,0.79,0,0,,16,12,10,16,5,4,1,0,20.0,2018,Série B
Sampaio Corrêa,4,38,38,3.42,38.0,47,1.24,0,0,,10,8,20,12,3,1,1,1,50.0,2018,Série B
São Bento,2,38,38,3.42,38.0,41,1.08,0,0,,11,14,13,9,7,7,0,0,0.0,2018,Série B
Vila Nova,2,38,38,3.412,38.0,35,0.92,0,0,,14,15,9,15,8,8,0,0,0.0,2018,Série B
"Totals may not be complete for all senior-level play, see coverage note.",,,,,,,,,,,,,,,,,,,,2018,Série B
Become a Stathead & surf this site ad-free.,,,,,,,,,,,,,,,,,,,,2018,Série B
Squad Playing Time 2018 Série B,,,,,,,,,,,,,,,,,,,,2018,Série B
View Player Stats,,,,,,,,,,,,,,,,,,,,2018,Série B
Toggle Per90 Stats,,,,,,,,,,,,,,,,,,,,2018,Série B
Squad Stats,,,,,,,,,,,,,,,,,,,,2018,Série B
Opponent Stats,,,,,,,,,,,,,,,,,,,,2018,Série B
Squad,# Pl,Age,MP,Min,Mn/MP,Min%,90s,Starts,Mn/Start,Compl,Subs,Mn/Sub,unSub,PPM,onGA,+/-,+/-90,,,2018,Série B
Atlético Goianiense,35,25.1,38,3.42,90,100,38.0,419,84,,110,19,213,1.55,51,6,+0.16,,,2018,Série B
Avaí,32,27.0,38,3.42,90,100,38.0,418,84,,110,21,255,1.61,32,18,+0.47,,,2018,Série B
Boa,49,25.8,38,3.42,90,100,38.0,418,82,,109,28,237,0.79,49,-23,-0.61,,,2018,Série B
Brasil de Pelotas,37,28.7,38,3.42,90,100,38.0,418,83,,112,25,276,1.32,35,1,+0.03,,,2018,Série B
Coritiba,39,26.4,38,3.42,90,100,38.0,418,83,,113,25,278,1.37,44,-4,-0.11,,,2018,Série B
CRB,36,28.9,38,3.42,90,100,38.0,418,83,,114,25,297,1.26,39,-4,-0.11,,,2018,Série B
Criciúma,39,26.7,38,3.42,90,100,38.0,418,83,,113,24,279,1.24,49,-4,-0.11,,,2018,Série B
CSA,37,28.9,38,3.42,90,100,38.0,418,84,,114,23,273,1.63,37,14,+0.37,,,2018,Série B
Figueirense,37,26.7,38,3.42,90,100,38.0,418,83,,113,23,273,1.21,51,-3,-0.08,,,2018,Série B
Fortaleza,37,27.1,38,3.42,90,100,38.0,418,84,,113,23,307,1.87,33,21,+0.55,,,2018,Série B
Goiás,33,26.2,38,3.42,90,100,38.0,418,84,,112,21,292,1.58,50,4,+0.11,,,2018,Série B
Guarani,41,25.2,38,3.42,90,100,38.0,418,84,,114,20,238,1.42,39,5,+0.13,,,2018,Série B
Juventude,39,27.7,38,3.42,90,100,38.0,418,83,,113,25,258,0.92,48,-21,-0.55,,,2018,Série B
Londrina,45,27.3,38,3.42,90,100,38.0,418,84,,114,21,285,1.45,42,3,+0.08,,,2018,Série B
Oeste,38,25.4,38,3.42,90,100,38.0,418,83,,112,25,284,1.21,40,-4,-0.11,,,2018,Série B
Paysandu,36,27.5,38,3.42,90,100,38.0,418,84,,112,23,272,1.13,53,-11,-0.29,,,2018,Série B
Ponte Preta,32,24.1,38,3.42,90,100,38.0,418,84,,113,21,256,1.58,30,12,+0.32,,,2018,Série B
Sampaio Corrêa,43,25.9,38,3.42,90,100,38.0,418,83,,114,24,248,1.00,47,-15,-0.39,,,2018,Série B
São Bento,42,28.8,38,3.42,90,100,38.0,418,83,,111,24,266,1.24,41,0,0.00,,,2018,Série B
Vila Nova,31,28.8,38,3.42,90,100,38.0,418,85,,114,19,249,1.50,36,5,+0.13,,,2018,Série B
"Totals may not be complete for all senior-level play, see coverage note.",,,,,,,,,,,,,,,,,,,,2018,Série B
Squad Miscellaneous Stats 2018 Série B,,,,,,,,,,,,,,,,,,,,2018,Série B
View Player Stats,,,,,,,,,,,,,,,,,,,,2018,Série B
Toggle Per90 Stats,,,,,,,,,,,,,,,,,,,,2018,Série B
Squad Stats,,,,,,,,,,,,,,,,,,,,2018,Série B
Opponent Stats,,,,,,,,,,,,,,,,,,,,2018,Série B
Squad,# Pl,90s,CrdY,CrdR,2CrdY,Fls,Fld,Off,Crs,Int,TklW,PKwon,PKcon,OG,,,,,,2018,Série B
Atlético Goianiense,35,38.0,96,6,0,,,,,,,,,0,,,,,,2018,Série B
Avaí,32,38.0,100,6,2,,,,,,,,,0,,,,,,2018,Série B
Boa,49,38.0,103,9,5,,,,,,,,,1,,,,,,2018,Série B
Brasil de Pelotas,37,38.0,111,5,4,,,,,,,,,2,,,,,,2018,Série B
Coritiba,39,38.0,111,6,5,,,,,,,,,1,,,,,,2018,Série B
CRB,36,38.0,90,7,3,,,,,,,,,0,,,,,,2018,Série B
Criciúma,39,38.0,118,13,4,,,,,,,,,2,,,,,,2018,Série B
CSA,37,38.0,97,2,1,,,,,,,,,0,,,,,,2018,Série B
Figueirense,37,38.0,101,6,2,,,,,,,,,1,,,,,,2018,Série B
Fortaleza,37,38.0,98,2,2,,,,,,,,,1,,,,,,2018,Série B
Goiás,33,38.0,98,3,3,,,,,,,,,2,,,,,,2018,Série B
Guarani,41,38.0,88,3,3,,,,,,,,,0,,,,,,2018,Série B
Juventude,39,38.0,114,7,1,,,,,,,,,0,,,,,,2018,Série B
Londrina,45,38.0,119,6,4,,,,,,,,,1,,,,,,2018,Série B
Oeste,38,38.0,90,4,2,,,,,,,,,6,,,,,,2018,Série B
Paysandu,36,38.0,93,5,4,,,,,,,,,1,,,,,,2018,Série B
Ponte Preta,32,38.0,89,7,2,,,,,,,,,1,,,,,,2018,Série B
Sampaio Corrêa,43,38.0,115,10,6,,,,,,,,,1,,,,,,2018,Série B
São Bento,42,38.0,96,4,0,,,,,,,,,0,,,,,,2018,Série B
Vila Nova,31,38.0,95,6,4,,,,,,,,,0,,,,,,2018,Série B
1,Bragantino,38,22,9,7,64,27,37,75,1.97,6.208,Ytalo - 13,Júlio César,Promoted,,,,,,2019,Série B
2,Sport Recife,38,17,17,4,49,29,20,68,1.79,14.99,Guilherme - 17,Mailson,Promoted,,,,,,2019,Série B
3,Coritiba,38,18,12,8,48,34,14,66,1.74,22.78,Rodrigão - 13,Alex Muralha,Promoted,,,,,,2019,Série B
4,Atlético Goianiense,38,15,17,6,44,29,15,62,1.63,4.065,Mike - 12,Maurício Kozlinski,Promoted,,,,,,2019,Série B
5,América–MG,38,17,10,11,42,34,8,61,1.61,3.908,Júnior Viçosa - 7,Airton Moraes,,,,,,,2019,Série B
6,Paraná,38,14,14,10,34,33,1,56,1.47,4.858,Jenison - 9,Thiago Rodrigues,,,,,,,2019,Série B
7,CRB,38,15,10,13,44,43,1,55,1.45,4.193,Leonardo - 14,Edson Mardden,,,,,,,2019,Série B
8,Cuiabáá,38,13,13,12,43,40,3,52,1.37,4.573,Todinho Júnior - 6,Victor Souza,,,,,,,2019,Série B
9,Botafogo (SP),38,13,11,14,38,38,0,50,1.32,3.927,Murilo Henrique - 9,Darley Ramon Torres,,,,,,,2019,Série B
10,Operário,38,13,11,14,32,41,-9,50,1.32,4.402,Felipe Augusto - 8,Rodrigo Viana,,,,,,,2019,Série B
11,Ponte Preta,38,11,14,13,41,39,2,47,1.24,4,Roger - 14,Ivan,,,,,,,2019,Série B
12,Vitória,38,11,12,15,42,48,-6,45,1.18,7.271,Anselmo Ramon - 7,Martín Rodríguez,,,,,,,2019,Série B
13,Guarani,38,12,8,18,27,37,-10,44,1.16,3.715,Michel - 5,Kléver,,,,,,,2019,Série B
14,Brasil de Pelotas,38,11,11,16,31,47,-16,44,1.16,2.977,Guilherme Queiróz - 4,Carlos Eduardo,,,,,,,2019,Série B
15,Oeste,38,8,17,13,41,49,-8,41,1.08,904,Fábio - 15,Luís Carlos,,,,,,,2019,Série B
16,Figueirense,38,7,20,11,31,38,-7,41,1.08,5.632,Willian Popp - 6,Denis,,,,,,,2019,Série B
17,Londrina,38,11,6,21,37,53,-16,39,1.03,3.385,Safira - 6,Matheus Albino,Relegated,,,,,,2019,Série B
18,São Bento,38,10,9,19,46,54,-8,39,1.03,1.943,Zé Roberto - 14,Henal,Relegated,,,,,,2019,Série B
19,Criciúma,38,8,15,15,30,38,-8,39,1.03,4.775,Léo Gamalho - 12,Luiz Silva Filho,Relegated,,,,,,2019,Série B
20,Vila Nova,38,7,18,13,27,40,-13,39,1.03,3.54,Bruno Mezenga - 4,Rafael Santos,Relegated,,,,,,2019,Série B
Squad Standard Stats 2019 Série B,,,,,,,,,,,,,,,,,,,,2019,Série B
View Player Stats,,,,,,,,,,,,,,,,,,,,2019,Série B
Toggle Per90 Stats,,,,,,,,,,,,,,,,,,,,2019,Série B
Squad Stats,,,,,,,,,,,,,,,,,,,,2019,Série B
Opponent Stats,,,,,,,,,,,,,,,,,,,,2019,Série B
Squad,# Pl,Age,Poss,MP,Starts,Min,90s,Gls,Ast,G+A,G-PK,PK,PKatt,CrdY,Gls,Ast,G+A,G-PK,G+A-PK,2019,Série B
América–MG,35,26.9,49.2,38,418,3.42,38.0,42,30,72,40,2,5,69,1.11,0.79,1.89,1.05,1.84,2019,Série B
Atlético Goianiense,28,26.4,48.8,38,418,3.42,38.0,43,28,71,41,2,6,90,1.13,0.74,1.87,1.08,1.82,2019,Série B
Botafogo (SP),27,26.6,49.3,38,418,3.42,38.0,37,22,59,33,4,5,87,0.97,0.58,1.55,0.87,1.45,2019,Série B
Bragantino,32,27.4,60.0,38,418,3.42,38.0,62,39,101,57,5,6,82,1.63,1.03,2.66,1.50,2.53,2019,Série B
Brasil de Pelotas,33,29.2,45.1,38,418,3.42,38.0,29,17,46,27,2,2,110,0.76,0.45,1.21,0.71,1.16,2019,Série B
Coritiba,40,25.8,49.7,38,418,3.42,38.0,46,37,83,43,3,5,108,1.21,0.97,2.18,1.13,2.11,2019,Série B
CRB,39,27.2,45.6,38,418,3.42,38.0,44,31,75,42,2,2,93,1.16,0.82,1.97,1.11,1.92,2019,Série B
Criciúma,33,27.9,53.3,38,418,3.42,38.0,29,20,49,26,3,3,114,0.76,0.53,1.29,0.68,1.21,2019,Série B
Cuiabá,39,28.3,48.4,38,407,3.33,37.0,39,25,64,34,5,9,84,1.05,0.68,1.73,0.92,1.59,2019,Série B
Figueirense,44,27.4,50.9,38,407,3.33,37.0,31,22,53,30,1,3,86,0.84,0.59,1.43,0.81,1.41,2019,Série B
Guarani,42,27.3,50.7,38,418,3.42,38.0,26,16,42,23,3,5,99,0.68,0.42,1.11,0.61,1.03,2019,Série B
Londrina,48,25.3,47.6,38,418,3.42,38.0,35,24,59,32,3,7,102,0.92,0.63,1.55,0.84,1.47,2019,Série B
Oeste,43,26.6,49.7,38,418,3.42,38.0,40,25,65,37,3,3,117,1.05,0.66,1.71,0.97,1.63,2019,Série B
Operário,38,28.8,50.5,38,418,3.42,38.0,30,17,47,26,4,4,94,0.79,0.45,1.24,0.68,1.13,2019,Série B
Paraná,36,26.4,48.6,38,418,3.42,38.0,33,22,55,31,2,3,98,0.87,0.58,1.45,0.82,1.39,2019,Série B
Ponte Preta,46,26.0,53.1,38,418,3.42,38.0,39,27,66,35,4,5,105,1.03,0.71,1.74,0.92,1.63,2019,Série B
São Bento,47,27.5,51.9,38,418,3.42,38.0,44,29,73,40,4,5,107,1.16,0.76,1.92,1.05,1.82,2019,Série B
Sport Recife,31,25.7,52.9,38,418,3.42,38.0,49,35,84,43,6,8,71,1.29,0.92,2.21,1.13,2.05,2019,Série B
Vila Nova,42,27.1,48.4,38,418,3.42,38.0,26,15,41,24,2,2,108,0.68,0.39,1.08,0.63,1.03,2019,Série B
Vitória,47,25.6,48.1,38,418,3.42,38.0,42,23,65,39,3,4,93,1.11,0.61,1.71,1.03,1.63,2019,Série B
"Totals may not be complete for all senior-level play, see coverage note.",,,,,,,,,,,,,,,,,,,,2019,Série B
Squad Goalkeeping 2019 Série B,,,,,,,,,,,,,,,,,,,,2019,Série B
View Player Stats,,,,,,,,,,,,,,,,,,,,2019,Série B
Toggle Per90 Stats,,,,,,,,,,,,,,,,,,,,2019,Série B
Squad Stats,,,,,,,,,,,,,,,,,,,,2019,Série B
Opponent Stats,,,,,,,,,,,,,,,,,,,,2019,Série B
Squad,# Pl,MP,Starts,Min,90s,GA,GA90,SoTA,Saves,Save%,W,D,L,CS,PKatt,PKA,PKsv,PKm,Save%,2019,Série B
América–MG,4,38,38,3.42,38.0,34,0.89,113,82,72.6,17,10,11,18,3,3,0,0,0.0,2019,Série B
Atlético Goianiense,2,38,38,3.42,38.0,29,0.76,124,99,78.2,15,17,6,17,4,2,2,0,50.0,2019,Série B
Botafogo (SP),1,38,38,3.42,38.0,36,0.95,125,94,73.6,13,11,14,16,5,3,2,0,40.0,2019,Série B
Bragantino,3,38,38,3.42,38.0,27,0.71,110,85,76.4,22,9,7,18,3,1,1,1,50.0,2019,Série B
Brasil de Pelotas,2,38,38,3.42,38.0,47,1.24,154,112,71.4,11,11,16,11,5,3,2,0,40.0,2019,Série B
Coritiba,3,38,38,3.42,38.0,34,0.89,119,87,72.3,18,12,8,15,3,1,1,1,50.0,2019,Série B
CRB,4,38,38,3.42,38.0,43,1.13,172,133,76.7,15,10,13,13,5,3,1,1,25.0,2019,Série B
Criciúma,3,38,38,3.419,38.0,38,1.00,119,84,70.6,8,15,15,9,3,3,0,0,0.0,2019,Série B
Cuiabá,2,38,38,3.33,37.0,40,1.08,120,83,67.5,13,13,12,13,3,1,2,0,66.7,2019,Série B
Figueirense,4,38,38,3.33,37.0,35,0.95,125,95,76.0,7,20,11,14,5,5,0,0,0.0,2019,Série B
Guarani,4,38,38,3.42,38.0,37,0.97,140,106,75.7,12,8,18,15,4,3,0,1,0.0,2019,Série B
Londrina,3,38,38,3.42,38.0,53,1.39,174,129,73.6,11,6,21,10,9,7,1,1,12.5,2019,Série B
Oeste,3,38,38,3.42,38.0,49,1.29,169,126,74.0,8,17,13,11,9,5,1,3,16.7,2019,Série B
Operário,3,38,38,3.42,38.0,41,1.08,154,114,74.0,13,11,14,12,2,1,0,1,0.0,2019,Série B
Paraná,2,38,38,3.42,38.0,33,0.87,154,125,79.9,14,14,10,17,4,2,2,0,50.0,2019,Série B
Ponte Preta,2,38,38,3.42,38.0,39,1.03,143,110,76.2,11,14,13,14,6,5,1,0,16.7,2019,Série B
São Bento,5,38,38,3.42,38.0,51,1.34,153,108,69.9,10,9,19,5,8,5,2,1,28.6,2019,Série B
Sport Recife,2,38,38,3.42,38.0,29,0.76,140,116,82.1,17,17,4,15,6,4,1,1,20.0,2019,Série B
Vila Nova,2,38,38,3.42,38.0,40,1.05,151,113,74.8,7,18,13,12,2,2,0,0,0.0,2019,Série B
Vitória,4,38,38,3.42,38.0,48,1.26,179,135,75.4,11,12,15,10,4,4,0,0,0.0,2019,Série B
"Totals may not be complete for all senior-level play, see coverage note.",,,,,,,,,,,,,,,,,,,,2019,Série B
Become a Stathead & surf this site ad-free.,,,,,,,,,,,,,,,,,,,,2019,Série B
Squad Shooting 2019 Série B,,,,,,,,,,,,,,,,,,,,2019,Série B
View Player Stats,,,,,,,,,,,,,,,,,,,,2019,Série B
Toggle Per90 Stats,,,,,,,,,,,,,,,,,,,,2019,Série B
Squad Stats,,,,,,,,,,,,,,,,,,,,2019,Série B
Opponent Stats,,,,,,,,,,,,,,,,,,,,2019,Série B
Squad,# Pl,90s,Gls,Sh,SoT,SoT%,Sh/90,SoT/90,G/Sh,G/SoT,PK,PKatt,,,,,,,,2019,Série B
América–MG,35,38.0,42,590,169,28.6,15.53,4.45,0.07,0.24,2,5,,,,,,,,2019,Série B
Atlético Goianiense,28,38.0,43,547,173,31.6,14.39,4.55,0.07,0.24,2,6,,,,,,,,2019,Série B
Botafogo (SP),27,38.0,37,460,136,29.6,12.11,3.58,0.07,0.24,4,5,,,,,,,,2019,Série B
Bragantino,32,38.0,62,650,210,32.3,17.11,5.53,0.09,0.27,5,6,,,,,,,,2019,Série B
Brasil de Pelotas,33,38.0,29,416,111,26.7,10.95,2.92,0.06,0.24,2,2,,,,,,,,2019,Série B
Coritiba,40,38.0,46,474,146,30.8,12.47,3.84,0.09,0.29,3,5,,,,,,,,2019,Série B
CRB,39,38.0,44,457,144,31.5,12.03,3.79,0.09,0.29,2,2,,,,,,,,2019,Série B
Criciúma,33,38.0,29,505,125,24.8,13.29,3.29,0.05,0.21,3,3,,,,,,,,2019,Série B
Cuiabá,39,37.0,39,563,164,29.1,15.22,4.43,0.06,0.21,5,9,,,,,,,,2019,Série B
Figueirense,44,37.0,31,492,133,27.0,13.30,3.59,0.06,0.23,1,3,,,,,,,,2019,Série B
Guarani,42,38.0,26,474,131,27.6,12.47,3.45,0.05,0.18,3,5,,,,,,,,2019,Série B
Londrina,48,38.0,35,455,130,28.6,11.97,3.42,0.07,0.25,3,7,,,,,,,,2019,Série B
Oeste,43,38.0,40,512,152,29.7,13.47,4.00,0.07,0.24,3,3,,,,,,,,2019,Série B
Operário,38,38.0,30,461,136,29.5,12.13,3.58,0.06,0.19,4,4,,,,,,,,2019,Série B
Paraná,36,38.0,33,491,148,30.1,12.92,3.89,0.06,0.21,2,3,,,,,,,,2019,Série B
Ponte Preta,46,38.0,39,505,150,29.7,13.29,3.95,0.07,0.23,4,5,,,,,,,,2019,Série B
São Bento,47,38.0,44,505,155,30.7,13.29,4.08,0.08,0.26,4,5,,,,,,,,2019,Série B
Sport Recife,31,38.0,49,491,162,33.0,12.92,4.26,0.09,0.27,6,8,,,,,,,,2019,Série B
Vila Nova,42,38.0,26,525,128,24.4,13.82,3.37,0.05,0.19,2,2,,,,,,,,2019,Série B
Vitória,47,38.0,42,490,153,31.2,12.89,4.03,0.08,0.25,3,4,,,,,,,,2019,Série B
"Totals may not be complete for all senior-level play, see coverage note.",,,,,,,,,,,,,,,,,,,,2019,Série B
Squad Playing Time 2019 Série B,,,,,,,,,,,,,,,,,,,,2019,Série B
View Player Stats,,,,,,,,,,,,,,,,,,,,2019,Série B
Toggle Per90 Stats,,,,,,,,,,,,,,,,,,,,2019,Série B
Squad Stats,,,,,,,,,,,,,,,,,,,,2019,Série B
Opponent Stats,,,,,,,,,,,,,,,,,,,,2019,Série B
Squad,# Pl,Age,MP,Min,Mn/MP,Min%,90s,Starts,Mn/Start,Compl,Subs,Mn/Sub,unSub,PPM,onGA,+/-,+/-90,,,2019,Série B
América–MG,35,26.9,38,3.42,90,100,38.0,418,84,,113,21,292,1.61,34,8,+0.21,,,2019,Série B
Atlético Goianiense,28,26.4,38,3.42,90,100,38.0,418,85,,110,18,216,1.63,29,15,+0.39,,,2019,Série B
Botafogo (SP),27,26.6,38,3.42,90,100,38.0,418,84,,114,23,287,1.32,38,0,0.00,,,2019,Série B
Bragantino,32,27.4,38,3.42,90,100,38.0,418,85,,114,18,325,1.97,27,37,+0.97,,,2019,Série B
Brasil de Pelotas,33,29.2,38,3.42,90,100,38.0,418,83,,114,25,249,1.16,47,-16,-0.42,,,2019,Série B
Coritiba,40,25.8,38,3.42,90,100,38.0,418,83,,113,24,302,1.74,34,14,+0.37,,,2019,Série B
CRB,39,27.2,38,3.42,90,100,38.0,418,84,,114,23,291,1.45,43,1,+0.03,,,2019,Série B
Criciúma,33,27.9,38,3.42,90,100,38.0,418,83,,111,24,258,1.03,38,-8,-0.21,,,2019,Série B
Cuiabá,39,28.3,38,3.33,88,100,37.0,407,84,,110,21,243,1.37,40,3,+0.08,,,2019,Série B
Figueirense,44,27.4,38,3.33,88,100,37.0,407,84,,111,21,257,1.08,38,-7,-0.19,,,2019,Série B
Guarani,42,27.3,38,3.42,90,100,38.0,418,84,,114,22,278,1.16,37,-10,-0.26,,,2019,Série B
Londrina,48,25.3,38,3.42,90,100,38.0,418,82,,114,27,279,1.03,53,-16,-0.42,,,2019,Série B
Oeste,43,26.6,38,3.42,90,100,38.0,418,84,,114,21,296,1.08,49,-8,-0.21,,,2019,Série B
Operário,38,28.8,38,3.42,90,100,38.0,418,84,,114,21,290,1.32,41,-9,-0.24,,,2019,Série B
Paraná,36,26.4,38,3.42,90,100,38.0,418,84,,113,23,285,1.47,33,1,+0.03,,,2019,Série B
Ponte Preta,46,26.0,38,3.42,90,100,38.0,418,84,,113,22,281,1.24,39,2,+0.05,,,2019,Série B
São Bento,47,27.5,38,3.42,90,100,38.0,418,82,,114,28,266,1.03,54,-8,-0.21,,,2019,Série B
Sport Recife,31,25.7,38,3.42,90,100,38.0,418,83,,114,24,307,1.79,29,20,+0.53,,,2019,Série B
Vila Nova,42,27.1,38,3.42,90,100,38.0,418,83,,114,25,252,1.03,40,-13,-0.34,,,2019,Série B
Vitória,47,25.6,38,3.42,90,100,38.0,418,84,,111,22,269,1.18,48,-6,-0.16,,,2019,Série B
"Totals may not be complete for all senior-level play, see coverage note.",,,,,,,,,,,,,,,,,,,,2019,Série B
Squad Miscellaneous Stats 2019 Série B,,,,,,,,,,,,,,,,,,,,2019,Série B
View Player Stats,,,,,,,,,,,,,,,,,,,,2019,Série B
Toggle Per90 Stats,,,,,,,,,,,,,,,,,,,,2019,Série B
Squad Stats,,,,,,,,,,,,,,,,,,,,2019,Série B
Opponent Stats,,,,,,,,,,,,,,,,,,,,2019,Série B
Squad,# Pl,90s,CrdY,CrdR,2CrdY,Fls,Fld,Off,Crs,Int,TklW,PKwon,PKcon,OG,,,,,,2019,Série B
América–MG,35,38.0,69,1,1,562,610,66,709,518,412,4,4,2,,,,,,2019,Série B
Atlético Goianiense,28,38.0,90,2,0,659,601,61,872,401,442,5,4,1,,,,,,2019,Série B
Botafogo (SP),27,38.0,87,5,2,583,586,53,718,396,416,4,5,1,,,,,,2019,Série B
Bragantino,32,38.0,82,7,3,617,511,44,856,361,411,2,3,0,,,,,,2019,Série B
Brasil de Pelotas,33,38.0,110,3,3,702,623,55,577,495,404,1,5,2,,,,,,2019,Série B
Coritiba,40,38.0,108,4,3,660,527,60,691,348,424,3,3,0,,,,,,2019,Série B
CRB,39,38.0,93,6,4,574,560,69,603,353,383,2,5,0,,,,,,2019,Série B
Criciúma,33,38.0,114,8,5,635,585,51,959,408,368,3,3,2,,,,,,2019,Série B
Cuiabá,39,37.0,84,3,1,654,505,70,742,354,404,4,1,0,,,,,,2019,Série B
Figueirense,44,37.0,86,4,2,583,651,49,630,377,369,3,6,3,,,,,,2019,Série B
Guarani,42,38.0,99,4,3,670,693,40,638,398,447,5,4,0,,,,,,2019,Série B
Londrina,48,38.0,102,9,5,654,598,44,630,399,417,3,7,0,,,,,,2019,Série B
Oeste,43,38.0,117,3,0,676,518,61,651,558,407,2,9,4,,,,,,2019,Série B
Operário,38,38.0,94,5,4,678,665,63,720,423,371,4,2,2,,,,,,2019,Série B
Paraná,36,38.0,98,3,1,665,553,53,692,387,348,3,4,0,,,,,,2019,Série B
Ponte Preta,46,38.0,105,6,2,646,622,66,731,384,422,4,6,0,,,,,,2019,Série B
São Bento,47,38.0,107,7,5,620,646,55,746,403,375,3,5,1,,,,,,2019,Série B
Sport Recife,31,38.0,71,6,1,581,565,65,697,387,480,8,5,1,,,,,,2019,Série B
Vila Nova,42,38.0,108,3,3,651,589,70,804,418,397,1,1,0,,,,,,2019,Série B
Vitória,47,38.0,93,4,3,629,667,45,656,378,398,3,3,3,,,,,,2019,Série B
1,Chapecoense,38,20,13,5,42,21,21,73,1.92,,Anselmo Ramon - 10,João Ricardo Riedi,Promoted,,,,,,2020,Série B
2,América–MG,38,20,13,5,43,23,20,73,1.92,,Ademir Santos - 8,Matheus Cavichioli,Promoted,,,,,,2020,Série B
3,Juventude,38,17,10,11,52,42,10,61,1.61,,Breno - 9,Marcelo Carné,Promoted,,,,,,2020,Série B
4,Cuiabáá,38,17,10,11,48,40,8,61,1.61,,Élton Rodrigues Brandão - 9,João Carlos,Promoted,,,,,,2020,Série B
5,CSA,38,16,10,12,50,37,13,58,1.53,,Paulo Sérgio - 10,Matheus Mendes,,,,,,,2020,Série B
6,Sampaio Corrêa,38,17,6,15,50,38,12,57,1.50,,Caio Dantas - 17,Gustavo,,,,,,,2020,Série B
7,Ponte Preta,38,16,9,13,54,49,5,57,1.50,,"Fernando Camilo Farias, Bruno Nascimento... - 7",Ygor Vinhas,,,,,,,2020,Série B
8,Operário,38,15,12,11,40,34,6,57,1.50,,Ricardo Bueno - 9,Thiago Braga de Souza,,,,,,,2020,Série B
9,Avaíí,38,16,7,15,45,49,-4,55,1.45,,Valdívia - 6,Lucas Frigeri,,,,,,,2020,Série B
10,CRB,38,15,7,16,48,47,1,52,1.37,,Léo Gamalho - 8,Victor Souza,,,,,,,2020,Série B
11,Cruzeiro,38,14,13,11,39,32,7,49,1.29,,Rafael Sóbis - 6,Fábio,6-point deduction 1,,,,,,2020,Série B
12,Brasil de Pelotas,38,11,16,11,31,33,-2,49,1.29,,"Matheus Oliveira Santos, Bruno José - 6",Rafael Martins,,,,,,,2020,Série B
13,Guarani,38,13,9,16,41,48,-7,48,1.26,,Todinho Júnior - 6,Gabriel Mesquita,,,,,,,2020,Série B
14,Vitória,38,11,15,12,45,45,0,48,1.26,,Leonardo - 16,Ronaldo,,,,,,,2020,Série B
15,Confiança,38,12,10,16,38,46,-8,46,1.21,,Isnairo Reis - 10,Rafael Santos,,,,,,,2020,Série B
16,Náutico,38,10,14,14,35,42,-7,44,1.16,,Kieza - 8,Jefferson da Silva,,,,,,,2020,Série B
17,Figueirense,38,9,12,17,35,49,-14,39,1.03,,Diego Gonçalves - 6,Rodolfo Pereira de Castro,Relegated,,,,,,2020,Série B
18,Paraná,38,9,10,19,34,50,-16,37,0.97,,Bruno Gomes - 6,Alisson,Relegated,,,,,,2020,Série B
19,Botafogo (SP),38,8,10,20,26,39,-13,34,0.89,,"Wellington, Ronald - 5",Darley Ramon Torres,Relegated,,,,,,2020,Série B
20,Oeste,38,7,8,23,28,60,-32,29,0.76,,Pedrinho - 6,Caíque França,Relegated,,,,,,2020,Série B
Squad Standard Stats 2020 Série B,,,,,,,,,,,,,,,,,,,,2020,Série B
View Player Stats,,,,,,,,,,,,,,,,,,,,2020,Série B
Toggle Per90 Stats,,,,,,,,,,,,,,,,,,,,2020,Série B
Squad Stats,,,,,,,,,,,,,,,,,,,,2020,Série B
Opponent Stats,,,,,,,,,,,,,,,,,,,,2020,Série B
Squad,# Pl,Age,Poss,MP,Starts,Min,90s,Gls,Ast,G+A,G-PK,PK,PKatt,CrdY,Gls,Ast,G+A,G-PK,G+A-PK,2020,Série B
América–MG,37,27.3,49.1,38,418,3.42,38.0,41,26,67,36,5,8,60,1.08,0.68,1.76,0.95,1.63,2020,Série B
Avaí,44,28.7,45.9,38,418,3.42,38.0,43,28,71,39,4,7,95,1.13,0.74,1.87,1.03,1.76,2020,Série B
Botafogo (SP),43,26.0,45.9,38,418,3.42,38.0,26,17,43,23,3,4,106,0.68,0.45,1.13,0.61,1.05,2020,Série B
Brasil de Pelotas,40,25.9,43.1,38,418,3.42,38.0,31,21,52,27,4,4,94,0.82,0.55,1.37,0.71,1.26,2020,Série B
Chapecoense,36,27.1,49.3,38,418,3.42,38.0,40,28,68,37,3,4,93,1.05,0.74,1.79,0.97,1.71,2020,Série B
Confiança,35,27.0,50.0,38,418,3.42,38.0,37,23,60,31,6,7,109,0.97,0.61,1.58,0.82,1.42,2020,Série B
CRB,47,28.1,49.1,38,418,3.42,38.0,47,33,80,44,3,3,93,1.24,0.87,2.11,1.16,2.03,2020,Série B
Cruzeiro,42,26.2,51.7,38,418,3.42,38.0,38,29,67,35,3,4,88,1.00,0.76,1.76,0.92,1.68,2020,Série B
CSA,43,28.3,50.0,38,418,3.42,38.0,49,28,77,44,5,6,100,1.29,0.74,2.03,1.16,1.89,2020,Série B
Cuiabá,37,27.8,51.0,38,418,3.42,38.0,47,33,80,46,1,2,87,1.24,0.87,2.11,1.21,2.08,2020,Série B
Figueirense,45,25.9,49.4,38,418,3.42,38.0,34,23,57,30,4,5,88,0.89,0.61,1.50,0.79,1.39,2020,Série B
Guarani,38,25.6,55.2,38,418,3.42,38.0,40,26,66,37,3,5,95,1.05,0.68,1.74,0.97,1.66,2020,Série B
Juventude,40,28.6,51.0,38,418,3.42,38.0,51,37,88,45,6,8,95,1.34,0.97,2.32,1.18,2.16,2020,Série B
Náutico,42,26.0,52.8,38,418,3.42,38.0,35,26,61,33,2,4,94,0.92,0.68,1.61,0.87,1.55,2020,Série B
Oeste,47,25.0,46.7,38,418,3.42,38.0,27,18,45,23,4,5,87,0.71,0.47,1.18,0.61,1.08,2020,Série B
Operário,37,29.4,50.9,38,418,3.42,38.0,39,30,69,38,1,2,96,1.03,0.79,1.82,1.00,1.79,2020,Série B
Paraná,42,25.6,51.9,38,418,3.42,38.0,33,21,54,33,0,0,102,0.87,0.55,1.42,0.87,1.42,2020,Série B
Ponte Preta,39,26.2,54.0,38,418,3.42,38.0,51,30,81,44,7,9,85,1.34,0.79,2.13,1.16,1.95,2020,Série B
Sampaio Corrêa,36,28.1,49.7,38,418,3.42,38.0,49,31,80,42,7,7,73,1.29,0.82,2.11,1.11,1.92,2020,Série B
Vitória,45,25.8,54.2,38,418,3.42,38.0,43,26,69,35,8,9,93,1.13,0.68,1.82,0.92,1.61,2020,Série B
"Totals may not be complete for all senior-level play, see coverage note.",,,,,,,,,,,,,,,,,,,,2020,Série B
Squad Goalkeeping 2020 Série B,,,,,,,,,,,,,,,,,,,,2020,Série B
View Player Stats,,,,,,,,,,,,,,,,,,,,2020,Série B
Toggle Per90 Stats,,,,,,,,,,,,,,,,,,,,2020,Série B
Squad Stats,,,,,,,,,,,,,,,,,,,,2020,Série B
Opponent Stats,,,,,,,,,,,,,,,,,,,,2020,Série B
Squad,# Pl,MP,Starts,Min,90s,GA,GA90,SoTA,Saves,Save%,W,D,L,CS,PKatt,PKA,PKsv,PKm,Save%,2020,Série B
América–MG,3,38,38,3.42,38.0,23,0.61,105,88,82.9,20,13,5,17,7,5,1,1,16.7,2020,Série B
Avaí,2,38,38,3.42,38.0,49,1.29,173,126,72.8,16,7,15,9,2,2,0,0,0.0,2020,Série B
Botafogo (SP),2,38,38,3.42,38.0,39,1.03,133,97,72.9,8,10,20,9,3,3,0,0,0.0,2020,Série B
Brasil de Pelotas,3,38,38,3.42,38.0,33,0.87,153,125,81.7,11,16,11,15,6,5,0,1,0.0,2020,Série B
Chapecoense,1,38,38,3.42,38.0,21,0.55,153,137,88.9,20,13,5,24,6,4,1,1,20.0,2020,Série B
Confiança,3,38,38,3.42,38.0,46,1.21,117,76,63.2,12,10,16,10,5,3,2,0,40.0,2020,Série B
CRB,5,38,38,3.417,38.0,47,1.24,155,111,70.3,15,7,16,11,4,1,2,1,66.7,2020,Série B
Cruzeiro,3,38,38,3.418,38.0,32,0.84,120,91,75.0,14,13,11,15,3,2,1,0,33.3,2020,Série B
CSA,4,38,38,3.42,38.0,37,0.97,145,111,75.9,16,10,12,11,3,2,1,0,33.3,2020,Série B
Cuiabá,2,38,38,3.418,38.0,40,1.05,156,119,76.3,17,10,11,17,5,3,1,1,25.0,2020,Série B
Figueirense,3,38,38,3.42,38.0,49,1.29,157,111,70.7,9,12,17,15,3,3,0,0,0.0,2020,Série B
Guarani,4,38,38,3.42,38.0,48,1.26,147,105,71.4,13,9,16,9,6,6,0,0,0.0,2020,Série B
Juventude,2,38,38,3.42,38.0,42,1.11,150,116,76.7,17,10,11,14,8,7,1,0,12.5,2020,Série B
Náutico,4,38,38,3.42,38.0,42,1.11,146,107,73.3,10,14,14,13,3,3,0,0,0.0,2020,Série B
Oeste,3,38,38,3.42,38.0,60,1.58,216,162,75.0,7,8,23,6,6,6,0,0,0.0,2020,Série B
Operário,3,38,38,3.42,38.0,34,0.89,131,100,75.6,15,12,11,14,3,2,1,0,33.3,2020,Série B
Paraná,4,38,38,3.42,38.0,50,1.32,128,85,63.3,9,10,19,10,7,3,4,0,57.1,2020,Série B
Ponte Preta,3,38,38,3.42,38.0,49,1.29,144,100,68.8,16,9,13,7,5,4,1,0,20.0,2020,Série B
Sampaio Corrêa,4,38,38,3.42,38.0,38,1.00,129,102,76.7,17,6,15,11,11,8,3,0,27.3,2020,Série B
Vitória,3,38,38,3.42,38.0,45,1.18,147,109,74.1,11,15,12,12,7,7,0,0,0.0,2020,Série B
"Totals may not be complete for all senior-level play, see coverage note.",,,,,,,,,,,,,,,,,,,,2020,Série B
Become a Stathead & surf this site ad-free.,,,,,,,,,,,,,,,,,,,,2020,Série B
Squad Shooting 2020 Série B,,,,,,,,,,,,,,,,,,,,2020,Série B
View Player Stats,,,,,,,,,,,,,,,,,,,,2020,Série B
Toggle Per90 Stats,,,,,,,,,,,,,,,,,,,,2020,Série B
Squad Stats,,,,,,,,,,,,,,,,,,,,2020,Série B
Opponent Stats,,,,,,,,,,,,,,,,,,,,2020,Série B
Squad,# Pl,90s,Gls,Sh,SoT,SoT%,Sh/90,SoT/90,G/Sh,G/SoT,PK,PKatt,,,,,,,,2020,Série B
América–MG,37,38.0,41,537,163,30.4,14.13,4.29,0.07,0.22,5,8,,,,,,,,2020,Série B
Avaí,44,38.0,43,480,163,34.0,12.63,4.29,0.08,0.24,4,7,,,,,,,,2020,Série B
Botafogo (SP),43,38.0,26,520,164,31.5,13.68,4.32,0.04,0.14,3,4,,,,,,,,2020,Série B
Brasil de Pelotas,40,38.0,31,391,118,30.2,10.29,3.11,0.07,0.23,4,4,,,,,,,,2020,Série B
Chapecoense,36,38.0,40,461,152,33.0,12.13,4.00,0.08,0.24,3,4,,,,,,,,2020,Série B
Confiança,35,38.0,37,506,167,33.0,13.32,4.39,0.06,0.19,6,7,,,,,,,,2020,Série B
CRB,47,38.0,47,502,156,31.1,13.21,4.11,0.09,0.28,3,3,,,,,,,,2020,Série B
Cruzeiro,42,38.0,38,510,157,30.8,13.42,4.13,0.07,0.22,3,4,,,,,,,,2020,Série B
CSA,43,38.0,49,467,148,31.7,12.29,3.89,0.09,0.30,5,6,,,,,,,,2020,Série B
Cuiabá,37,38.0,47,528,187,35.4,13.89,4.92,0.09,0.25,1,2,,,,,,,,2020,Série B
Figueirense,45,38.0,34,400,125,31.3,10.53,3.29,0.08,0.24,4,5,,,,,,,,2020,Série B
Guarani,38,38.0,40,525,160,30.5,13.82,4.21,0.07,0.23,3,5,,,,,,,,2020,Série B
Juventude,40,38.0,51,500,163,32.6,13.16,4.29,0.09,0.28,6,8,,,,,,,,2020,Série B
Náutico,42,38.0,35,560,178,31.8,14.74,4.68,0.06,0.19,2,4,,,,,,,,2020,Série B
Oeste,47,38.0,27,437,129,29.5,11.50,3.39,0.05,0.18,4,5,,,,,,,,2020,Série B
Operário,37,38.0,39,461,157,34.1,12.13,4.13,0.08,0.24,1,2,,,,,,,,2020,Série B
Paraná,42,38.0,33,490,147,30.0,12.89,3.87,0.07,0.22,0,0,,,,,,,,2020,Série B
Ponte Preta,39,38.0,51,490,164,33.5,12.89,4.32,0.09,0.27,7,9,,,,,,,,2020,Série B
Sampaio Corrêa,36,38.0,49,494,161,32.6,13.00,4.24,0.09,0.26,7,7,,,,,,,,2020,Série B
Vitória,45,38.0,43,589,188,31.9,15.50,4.95,0.06,0.19,8,9,,,,,,,,2020,Série B
"Totals may not be complete for all senior-level play, see coverage note.",,,,,,,,,,,,,,,,,,,,2020,Série B
Squad Playing Time 2020 Série B,,,,,,,,,,,,,,,,,,,,2020,Série B
View Player Stats,,,,,,,,,,,,,,,,,,,,2020,Série B
Toggle Per90 Stats,,,,,,,,,,,,,,,,,,,,2020,Série B
Squad Stats,,,,,,,,,,,,,,,,,,,,2020,Série B
Opponent Stats,,,,,,,,,,,,,,,,,,,,2020,Série B
Squad,# Pl,Age,MP,Min,Mn/MP,Min%,90s,Starts,Mn/Start,Compl,Subs,Mn/Sub,unSub,PPM,onGA,+/-,+/-90,,,2020,Série B
América–MG,37,27.3,38,3.42,90,100,38.0,418,82,239,181,18,241,1.92,23,20,+0.53,,,2020,Série B
Avaí,44,28.7,38,3.42,90,100,38.0,418,80,235,181,23,181,1.45,49,-4,-0.11,,,2020,Série B
Botafogo (SP),43,26.0,38,3.42,90,100,38.0,418,81,241,174,20,216,0.89,39,-13,-0.34,,,2020,Série B
Brasil de Pelotas,40,25.9,38,3.42,90,100,38.0,418,82,241,174,19,212,1.29,33,-2,-0.05,,,2020,Série B
Chapecoense,36,27.1,38,3.42,90,100,38.0,418,81,241,176,22,238,1.92,21,21,+0.55,,,2020,Série B
Confiança,35,27.0,38,3.42,90,100,38.0,418,81,239,174,21,208,1.21,46,-8,-0.21,,,2020,Série B
CRB,47,28.1,38,3.42,90,100,38.0,418,79,244,173,25,236,1.37,47,1,+0.03,,,2020,Série B
Cruzeiro,42,26.2,38,3.42,90,100,38.0,418,81,252,164,22,240,1.45,32,7,+0.18,,,2020,Série B
CSA,43,28.3,38,3.42,90,100,38.0,418,79,239,177,25,215,1.53,37,13,+0.34,,,2020,Série B
Cuiabá,37,27.8,38,3.42,90,100,38.0,418,80,239,176,23,193,1.61,40,8,+0.21,,,2020,Série B
Figueirense,45,25.9,38,3.42,90,100,38.0,418,79,243,174,26,161,1.03,49,-14,-0.37,,,2020,Série B
Guarani,38,25.6,38,3.42,90,100,38.0,418,80,240,173,22,197,1.26,48,-7,-0.18,,,2020,Série B
Juventude,40,28.6,38,3.42,90,100,38.0,418,80,242,175,24,211,1.61,42,10,+0.26,,,2020,Série B
Náutico,42,26.0,38,3.42,90,100,38.0,418,80,240,176,24,214,1.16,42,-7,-0.18,,,2020,Série B
Oeste,47,25.0,38,3.42,90,100,38.0,418,80,246,173,23,201,0.76,60,-32,-0.84,,,2020,Série B
Operário,37,29.4,38,3.42,90,100,38.0,418,80,231,187,21,203,1.50,34,6,+0.16,,,2020,Série B
Paraná,42,25.6,38,3.42,90,100,38.0,418,81,254,164,22,216,0.97,50,-16,-0.42,,,2020,Série B
Ponte Preta,39,26.2,38,3.42,90,100,38.0,418,81,246,171,21,234,1.50,49,5,+0.13,,,2020,Série B
Sampaio Corrêa,36,28.1,38,3.42,90,100,38.0,418,82,238,178,19,213,1.50,38,12,+0.32,,,2020,Série B
Vitória,45,25.8,38,3.42,90,100,38.0,418,80,232,184,23,243,1.26,45,0,0.00,,,2020,Série B
"Totals may not be complete for all senior-level play, see coverage note.",,,,,,,,,,,,,,,,,,,,2020,Série B
Squad Miscellaneous Stats 2020 Série B,,,,,,,,,,,,,,,,,,,,2020,Série B
View Player Stats,,,,,,,,,,,,,,,,,,,,2020,Série B
Toggle Per90 Stats,,,,,,,,,,,,,,,,,,,,2020,Série B
Squad Stats,,,,,,,,,,,,,,,,,,,,2020,Série B
Opponent Stats,,,,,,,,,,,,,,,,,,,,2020,Série B
Squad,# Pl,90s,CrdY,CrdR,2CrdY,Fls,Fld,Off,Crs,Int,TklW,PKwon,PKcon,OG,,,,,,2020,Série B
América–MG,37,38.0,60,0,0,551,616,85,803,409,374,,,0,,,,,,2020,Série B
Avaí,44,38.0,95,2,0,601,682,60,828,513,357,,,2,,,,,,2020,Série B
Botafogo (SP),43,38.0,106,5,2,690,681,56,728,451,436,,,2,,,,,,2020,Série B
Brasil de Pelotas,40,38.0,94,4,2,615,576,56,528,444,375,,,2,,,,,,2020,Série B
Chapecoense,36,38.0,93,4,2,659,591,63,647,477,457,,,0,,,,,,2020,Série B
Confiança,35,38.0,109,6,4,737,667,53,795,477,338,,,1,,,,,,2020,Série B
CRB,47,38.0,93,5,2,639,561,82,707,401,394,,,0,,,,,,2020,Série B
Cruzeiro,42,38.0,88,4,2,650,579,63,866,440,326,,,0,,,,,,2020,Série B
CSA,43,38.0,100,6,2,683,537,62,794,444,369,,,1,,,,,,2020,Série B
Cuiabá,37,38.0,87,5,4,612,679,90,755,498,376,,,0,,,,,,2020,Série B
Figueirense,45,38.0,88,3,1,631,709,81,740,442,394,,,1,,,,,,2020,Série B
Guarani,38,38.0,95,8,4,686,610,59,776,410,347,,,1,,,,,,2020,Série B
Juventude,40,38.0,95,2,1,720,592,86,791,447,340,,,1,,,,,,2020,Série B
Náutico,42,38.0,94,2,0,705,697,80,762,396,353,,,1,,,,,,2020,Série B
Oeste,47,38.0,87,1,0,706,583,65,694,493,420,,,4,,,,,,2020,Série B
Operário,37,38.0,96,5,1,710,695,64,785,447,349,,,1,,,,,,2020,Série B
Paraná,42,38.0,102,1,1,742,584,54,683,500,439,,,2,,,,,,2020,Série B
Ponte Preta,39,38.0,85,3,2,728,611,56,705,446,397,,,3,,,,,,2020,Série B
Sampaio Corrêa,36,38.0,73,3,2,601,702,54,609,441,372,,,0,,,,,,2020,Série B
Vitória,45,38.0,93,5,2,611,664,92,781,468,373,,,1,,,,,,2020,Série B
1,Botafogo (RJ),38,20,10,8,56,31,25,70,1.84,3.699,Rafael Navarro - 15,Diego,Promoted,,,,,,2021,Série B
2,Goiás,38,17,14,7,48,31,17,65,1.71,1.517,Alef Manga - 10,Tadeu,Promoted,,,,,,2021,Série B
3,Coritiba,38,18,10,10,49,35,14,64,1.68,4.385,Léo Gamalho - 16,Wilson,Promoted,,,,,,2021,Série B
4,Avaíí,38,18,10,10,44,35,9,64,1.68,1.702,"Jonathan Copete, Getúlio - 7",Glédson,Promoted,,,,,,2021,Série B
5,CSA,38,18,8,12,48,33,15,62,1.63,1.293,Dellatorre - 12,Thiago Rodrigues,,,,,,,2021,Série B
6,Guarani,38,16,12,10,54,41,13,60,1.58,1.682,Bruno Sávio - 11,Rafael Martins,,,,,,,2021,Série B
7,CRB,38,16,12,10,47,39,8,60,1.58,1.118,Diego Fabián Torres - 8,Diogo Silva,,,,,,,2021,Série B
8,Náutico,38,14,11,13,50,50,0,53,1.39,694,Jean Carlos Vicente - 11,Alex Alves de Lima,,,,,,,2021,Série B
9,Vila Nova,38,12,15,11,35,36,-1,51,1.34,624,"Alesson, Clayton - 7",Georgemy Gonçalves,,,,,,,2021,Série B
10,Vasco da Gama,38,13,10,15,43,52,-9,49,1.29,1.398,Germán Cano - 11,Vanderlei,,,,,,,2021,Série B
11,Ponte Preta,38,12,13,13,39,40,-1,49,1.29,801,Moises - 7,Ivan,,,,,,,2021,Série B
12,Operário,38,13,9,16,35,46,-11,48,1.26,726,Paulo Sérgio - 9,Simão Bertelli,,,,,,,2021,Série B
13,Brusque,38,13,9,16,44,56,-12,48,1.26,287,Edu - 17,Ruan Carneiro,,,,,,,2021,Série B
14,Cruzeiro,38,10,18,10,42,44,-2,48,1.26,6.014,"Giovanni Piccolomo, Marcelo Martins Moreno - 5",Fábio,,,,,,,2021,Série B
15,Sampaio Corrêa,38,12,11,15,41,42,-1,47,1.24,1.299,Ciel - 9,"Luiz Daniel, Willis Mota",,,,,,,2021,Série B
16,Londrina,38,11,11,16,31,41,-10,44,1.16,590,"Marcelinho, Zeca - 4",César Reis,,,,,,,2021,Série B
17,Remo,38,11,10,17,31,42,-11,43,1.13,1.211,Renan Gorne - 5,Damião Vinícius Ribeiro,Relegated,,,,,,2021,Série B
18,Vitória,38,8,16,14,31,32,-1,40,1.05,1.736,David - 6,Lucas Arcanjo,Relegated,,,,,,2021,Série B
19,Confiança,38,9,10,19,35,48,-13,37,0.97,1.133,Neto Berola - 6,Rafael Santos,Relegated,,,,,,2021,Série B
20,Brasil de Pelotas,38,4,11,23,23,52,-29,23,0.61,208,Erison - 8,Matheus Nogueira da Silva,Relegated,,,,,,2021,Série B
Squad Standard Stats 2021 Série B,,,,,,,,,,,,,,,,,,,,2021,Série B
View Player Stats,,,,,,,,,,,,,,,,,,,,2021,Série B
Toggle Per90 Stats,,,,,,,,,,,,,,,,,,,,2021,Série B
Squad Stats,,,,,,,,,,,,,,,,,,,,2021,Série B
Opponent Stats,,,,,,,,,,,,,,,,,,,,2021,Série B
Squad,# Pl,Age,Poss,MP,Starts,Min,90s,Gls,Ast,G+A,G-PK,PK,PKatt,CrdY,Gls,Ast,G+A,G-PK,G+A-PK,2021,Série B
Avaí,33,30.7,52.5,38,418,3.42,38.0,42,32,74,40,2,4,88,1.11,0.84,1.95,1.05,1.89,2021,Série B
Botafogo (RJ),39,26.1,48.3,38,418,3.42,38.0,55,42,97,51,4,5,67,1.45,1.11,2.55,1.34,2.45,2021,Série B
Brasil de Pelotas,42,25.7,45.6,38,418,3.42,38.0,21,11,32,18,3,4,102,0.55,0.29,0.84,0.47,0.76,2021,Série B
Brusque,36,28.6,50.5,38,418,3.42,38.0,43,30,73,36,7,8,83,1.13,0.79,1.92,0.95,1.74,2021,Série B
Confiança,45,28.8,45.1,38,418,3.42,38.0,35,20,55,29,6,8,100,0.92,0.53,1.45,0.76,1.29,2021,Série B
Coritiba,34,28.9,52.1,38,418,3.42,38.0,47,36,83,45,2,4,93,1.24,0.95,2.18,1.18,2.13,2021,Série B
CRB,30,27.7,50.8,38,418,3.42,38.0,46,31,77,39,7,8,81,1.21,0.82,2.03,1.03,1.84,2021,Série B
Cruzeiro,38,27.8,52.2,38,418,3.42,38.0,39,30,69,37,2,3,92,1.03,0.79,1.82,0.97,1.76,2021,Série B
CSA,42,28.0,50.7,38,418,3.42,38.0,48,32,80,44,4,6,94,1.26,0.84,2.11,1.16,2.00,2021,Série B
Goiás,34,26.7,48.2,38,418,3.42,38.0,47,32,79,46,1,1,92,1.24,0.84,2.08,1.21,2.05,2021,Série B
Guarani,32,27.0,51.7,38,418,3.42,38.0,53,42,95,47,6,7,102,1.39,1.11,2.50,1.24,2.34,2021,Série B
Londrina,42,26.1,47.7,38,418,3.42,38.0,30,19,49,27,3,5,109,0.79,0.50,1.29,0.71,1.21,2021,Série B
Náutico,40,26.0,54.1,38,418,3.42,38.0,49,36,85,46,3,5,99,1.29,0.95,2.24,1.21,2.16,2021,Série B
Operário,36,29.3,51.0,38,418,3.42,38.0,34,22,56,31,3,4,93,0.89,0.58,1.47,0.82,1.39,2021,Série B
Ponte Preta,36,25.0,48.5,38,418,3.42,38.0,37,26,63,33,4,4,76,0.97,0.68,1.66,0.87,1.55,2021,Série B
Remo,37,27.6,52.2,38,418,3.42,38.0,29,24,53,27,2,3,90,0.76,0.63,1.39,0.71,1.34,2021,Série B
Sampaio Corrêa,41,31.1,47.2,38,418,3.42,38.0,41,27,68,36,5,6,95,1.08,0.71,1.79,0.95,1.66,2021,Série B
Vasco da Gama,36,27.6,54.3,38,418,3.42,38.0,42,30,72,39,3,7,90,1.11,0.79,1.89,1.03,1.82,2021,Série B
Vila Nova,40,27.8,47.1,38,418,3.42,38.0,34,27,61,30,4,4,95,0.89,0.71,1.61,0.79,1.50,2021,Série B
Vitória,40,25.1,51.2,38,418,3.42,38.0,30,19,49,25,5,6,90,0.79,0.50,1.29,0.66,1.16,2021,Série B
"Totals may not be complete for all senior-level play, see coverage note.",,,,,,,,,,,,,,,,,,,,2021,Série B
Squad Goalkeeping 2021 Série B,,,,,,,,,,,,,,,,,,,,2021,Série B
View Player Stats,,,,,,,,,,,,,,,,,,,,2021,Série B
Toggle Per90 Stats,,,,,,,,,,,,,,,,,,,,2021,Série B
Squad Stats,,,,,,,,,,,,,,,,,,,,2021,Série B
Opponent Stats,,,,,,,,,,,,,,,,,,,,2021,Série B
Squad,# Pl,MP,Starts,Min,90s,GA,GA90,SoTA,Saves,Save%,W,D,L,CS,PKatt,PKA,PKsv,PKm,Save%,2021,Série B
Avaí,1,38,38,3.42,38.0,35,0.92,121,88,72.7,18,10,10,15,3,2,0,1,0.0,2021,Série B
Botafogo (RJ),2,38,38,3.42,38.0,31,0.82,116,88,75.0,20,10,8,20,4,2,2,0,50.0,2021,Série B
Brasil de Pelotas,2,38,38,3.42,38.0,50,1.32,167,126,74.3,4,11,23,6,10,7,2,1,22.2,2021,Série B
Brusque,3,38,38,3.417,38.0,56,1.47,167,121,69.5,13,9,16,13,10,5,5,0,50.0,2021,Série B
Confiança,2,38,38,3.42,38.0,48,1.26,164,121,73.8,9,10,19,11,5,5,0,0,0.0,2021,Série B
Coritiba,2,38,38,3.42,38.0,35,0.92,116,85,73.3,18,10,10,15,6,4,1,1,20.0,2021,Série B
CRB,1,38,38,3.42,38.0,39,1.03,161,122,75.8,16,12,10,10,0,0,0,0,,2021,Série B
Cruzeiro,2,38,38,3.418,38.0,44,1.16,120,84,69.2,10,18,10,14,8,7,1,0,12.5,2021,Série B
CSA,4,38,38,3.42,38.0,33,0.87,143,115,79.7,18,8,12,15,5,4,1,0,20.0,2021,Série B
Goiás,1,38,38,3.42,38.0,31,0.82,132,104,78.8,17,14,7,16,4,3,0,1,0.0,2021,Série B
Guarani,2,38,38,3.419,38.0,41,1.08,132,97,72.7,16,12,10,16,6,5,1,0,16.7,2021,Série B
Londrina,2,38,38,3.42,38.0,41,1.08,152,115,75.0,11,11,16,14,6,3,1,2,25.0,2021,Série B
Náutico,3,38,38,3.42,38.0,50,1.32,182,134,73.1,14,11,13,9,2,1,1,0,50.0,2021,Série B
Operário,2,38,38,3.42,38.0,46,1.21,145,103,70.3,13,9,16,12,6,3,2,1,40.0,2021,Série B
Ponte Preta,2,38,38,3.42,38.0,40,1.05,129,93,72.9,12,13,13,11,6,5,0,1,0.0,2021,Série B
Remo,2,38,38,3.42,38.0,42,1.11,148,113,75.0,11,10,17,8,7,5,2,0,28.6,2021,Série B
Sampaio Corrêa,2,38,38,3.42,38.0,42,1.11,158,124,77.2,12,11,15,14,8,6,2,0,25.0,2021,Série B
Vasco da Gama,3,38,38,3.419,38.0,52,1.37,158,109,69.0,13,10,15,8,3,3,0,0,0.0,2021,Série B
Vila Nova,2,38,38,3.42,38.0,36,0.95,138,104,76.1,12,15,11,13,3,3,0,0,0.0,2021,Série B
Vitória,2,38,38,3.42,38.0,32,0.84,118,87,73.7,8,16,14,15,1,1,0,0,0.0,2021,Série B
"Totals may not be complete for all senior-level play, see coverage note.",,,,,,,,,,,,,,,,,,,,2021,Série B
Become a Stathead & surf this site ad-free.,,,,,,,,,,,,,,,,,,,,2021,Série B
Squad Shooting 2021 Série B,,,,,,,,,,,,,,,,,,,,2021,Série B
View Player Stats,,,,,,,,,,,,,,,,,,,,2021,Série B
Toggle Per90 Stats,,,,,,,,,,,,,,,,,,,,2021,Série B
Squad Stats,,,,,,,,,,,,,,,,,,,,2021,Série B
Opponent Stats,,,,,,,,,,,,,,,,,,,,2021,Série B
Squad,# Pl,90s,Gls,Sh,SoT,SoT%,Sh/90,SoT/90,G/Sh,G/SoT,PK,PKatt,,,,,,,,2021,Série B
Avaí,33,38.0,42,561,167,29.8,14.76,4.39,0.07,0.24,2,4,,,,,,,,2021,Série B
Botafogo (RJ),39,38.0,55,481,162,33.7,12.66,4.26,0.11,0.31,4,5,,,,,,,,2021,Série B
Brasil de Pelotas,42,38.0,21,379,117,30.9,9.97,3.08,0.05,0.15,3,4,,,,,,,,2021,Série B
Brusque,36,38.0,43,507,144,28.4,13.34,3.79,0.07,0.25,7,8,,,,,,,,2021,Série B
Confiança,45,38.0,35,455,136,29.9,11.97,3.58,0.06,0.21,6,8,,,,,,,,2021,Série B
Coritiba,34,38.0,47,486,148,30.5,12.79,3.89,0.09,0.30,2,4,,,,,,,,2021,Série B
CRB,30,38.0,46,430,138,32.1,11.32,3.63,0.09,0.28,7,8,,,,,,,,2021,Série B
Cruzeiro,38,38.0,39,572,176,30.8,15.05,4.63,0.06,0.21,2,3,,,,,,,,2021,Série B
CSA,42,38.0,48,430,143,33.3,11.32,3.76,0.10,0.31,4,6,,,,,,,,2021,Série B
Goiás,34,38.0,47,528,190,36.0,13.89,5.00,0.09,0.24,1,1,,,,,,,,2021,Série B
Guarani,32,38.0,53,521,167,32.1,13.71,4.39,0.09,0.28,6,7,,,,,,,,2021,Série B
Londrina,42,38.0,30,457,147,32.2,12.03,3.87,0.06,0.18,3,5,,,,,,,,2021,Série B
Náutico,40,38.0,49,593,185,31.2,15.61,4.87,0.08,0.25,3,5,,,,,,,,2021,Série B
Operário,36,38.0,34,528,155,29.4,13.89,4.08,0.06,0.20,3,4,,,,,,,,2021,Série B
Ponte Preta,36,38.0,37,484,145,30.0,12.74,3.82,0.07,0.23,4,4,,,,,,,,2021,Série B
Remo,37,38.0,29,492,124,25.2,12.95,3.26,0.05,0.22,2,3,,,,,,,,2021,Série B
Sampaio Corrêa,41,38.0,41,384,110,28.6,10.11,2.89,0.09,0.33,5,6,,,,,,,,2021,Série B
Vasco da Gama,36,38.0,42,461,160,34.7,12.13,4.21,0.08,0.24,3,7,,,,,,,,2021,Série B
Vila Nova,40,38.0,34,510,143,28.0,13.42,3.76,0.06,0.21,4,4,,,,,,,,2021,Série B
Vitória,40,38.0,30,533,131,24.6,14.03,3.45,0.05,0.19,5,6,,,,,,,,2021,Série B
"Totals may not be complete for all senior-level play, see coverage note.",,,,,,,,,,,,,,,,,,,,2021,Série B
Squad Playing Time 2021 Série B,,,,,,,,,,,,,,,,,,,,2021,Série B
View Player Stats,,,,,,,,,,,,,,,,,,,,2021,Série B
Toggle Per90 Stats,,,,,,,,,,,,,,,,,,,,2021,Série B
Squad Stats,,,,,,,,,,,,,,,,,,,,2021,Série B
Opponent Stats,,,,,,,,,,,,,,,,,,,,2021,Série B
Squad,# Pl,Age,MP,Min,Mn/MP,Min%,90s,Starts,Mn/Start,Compl,Subs,Mn/Sub,unSub,PPM,onGA,+/-,+/-90,,,2021,Série B
Avaí,33,30.7,38,3.42,90,100,38.0,418,80,228,188,21,209,1.68,35,9,+0.24,,,2021,Série B
Botafogo (RJ),39,26.1,38,3.42,90,100,38.0,418,82,231,185,18,259,1.84,31,25,+0.66,,,2021,Série B
Brasil de Pelotas,42,25.7,38,3.42,90,100,38.0,418,80,242,172,23,210,0.61,52,-29,-0.76,,,2021,Série B
Brusque,36,28.6,38,3.42,90,100,38.0,418,81,256,164,21,218,1.26,56,-12,-0.32,,,2021,Série B
Confiança,45,28.8,38,3.42,90,100,38.0,418,78,232,183,26,210,0.97,48,-13,-0.34,,,2021,Série B
Coritiba,34,28.9,38,3.42,90,100,38.0,418,83,251,166,17,277,1.68,35,14,+0.37,,,2021,Série B
CRB,30,27.7,38,3.42,90,100,38.0,418,81,239,175,21,234,1.58,39,8,+0.21,,,2021,Série B
Cruzeiro,38,27.8,38,3.42,90,100,38.0,418,78,236,180,27,252,1.26,44,-2,-0.05,,,2021,Série B
CSA,42,28.0,38,3.42,90,100,38.0,418,81,238,179,21,226,1.63,33,15,+0.39,,,2021,Série B
Goiás,34,26.7,38,3.42,90,100,38.0,418,81,252,166,21,236,1.71,31,17,+0.45,,,2021,Série B
Guarani,32,27.0,38,3.42,90,100,38.0,418,82,238,173,20,222,1.58,41,13,+0.34,,,2021,Série B
Londrina,42,26.1,38,3.42,90,100,38.0,418,79,231,186,24,215,1.16,41,-10,-0.26,,,2021,Série B
Náutico,40,26.0,38,3.42,90,100,38.0,418,80,233,179,22,226,1.39,50,0,0.00,,,2021,Série B
Operário,36,29.3,38,3.42,90,100,38.0,418,79,230,184,24,205,1.26,46,-11,-0.29,,,2021,Série B
Ponte Preta,36,25.0,38,3.42,90,100,38.0,418,81,235,182,20,247,1.29,40,-1,-0.03,,,2021,Série B
Remo,37,27.6,38,3.42,90,100,38.0,418,80,230,186,23,215,1.13,42,-11,-0.29,,,2021,Série B
Sampaio Corrêa,41,31.1,38,3.42,90,100,38.0,418,79,234,181,24,231,1.24,42,-1,-0.03,,,2021,Série B
Vasco da Gama,36,27.6,38,3.42,90,100,38.0,418,81,248,167,21,264,1.29,52,-9,-0.24,,,2021,Série B
Vila Nova,40,27.8,38,3.42,90,100,38.0,418,81,242,174,21,213,1.34,36,-1,-0.03,,,2021,Série B
Vitória,40,25.1,38,3.42,90,100,38.0,418,80,232,182,22,227,1.05,32,-1,-0.03,,,2021,Série B
"Totals may not be complete for all senior-level play, see coverage note.",,,,,,,,,,,,,,,,,,,,2021,Série B
Squad Miscellaneous Stats 2021 Série B,,,,,,,,,,,,,,,,,,,,2021,Série B
View Player Stats,,,,,,,,,,,,,,,,,,,,2021,Série B
Toggle Per90 Stats,,,,,,,,,,,,,,,,,,,,2021,Série B
Squad Stats,,,,,,,,,,,,,,,,,,,,2021,Série B
Opponent Stats,,,,,,,,,,,,,,,,,,,,2021,Série B
Squad,# Pl,90s,CrdY,CrdR,2CrdY,Fls,Fld,Off,Crs,Int,TklW,PKwon,PKcon,OG,,,,,,2021,Série B
Avaí,33,38.0,88,5,1,582,603,36,866,385,359,,,1,,,,,,2021,Série B
Botafogo (RJ),39,38.0,67,3,2,585,639,76,747,480,349,,,2,,,,,,2021,Série B
Brasil de Pelotas,42,38.0,102,5,4,655,550,66,588,433,368,,,1,,,,,,2021,Série B
Brusque,36,38.0,83,2,1,572,611,86,848,420,377,,,2,,,,,,2021,Série B
Confiança,45,38.0,100,6,1,623,592,63,680,395,326,,,2,,,,,,2021,Série B
Coritiba,34,38.0,93,2,1,549,535,53,760,380,390,,,0,,,,,,2021,Série B
CRB,30,38.0,81,4,2,518,622,55,641,409,364,,,1,,,,,,2021,Série B
Cruzeiro,38,38.0,92,8,5,623,575,58,816,366,388,,,2,,,,,,2021,Série B
CSA,42,38.0,94,2,1,588,584,74,686,396,402,,,0,,,,,,2021,Série B
Goiás,34,38.0,92,3,1,758,558,80,776,457,380,,,1,,,,,,2021,Série B
Guarani,32,38.0,102,7,5,653,547,49,662,447,329,,,2,,,,,,2021,Série B
Londrina,42,38.0,109,3,2,827,661,43,702,451,373,,,2,,,,,,2021,Série B
Náutico,40,38.0,99,8,3,717,629,75,806,385,386,,,2,,,,,,2021,Série B
Operário,36,38.0,93,6,3,688,579,41,767,496,350,,,1,,,,,,2021,Série B
Ponte Preta,36,38.0,76,3,2,552,591,54,781,402,309,,,1,,,,,,2021,Série B
Remo,37,38.0,90,5,1,590,645,57,738,451,316,,,1,,,,,,2021,Série B
Sampaio Corrêa,41,38.0,95,7,0,654,576,67,613,383,364,,,1,,,,,,2021,Série B
Vasco da Gama,36,38.0,90,7,2,574,614,65,742,420,373,,,2,,,,,,2021,Série B
Vila Nova,40,38.0,95,3,3,627,633,61,697,422,344,,,0,,,,,,2021,Série B
Vitória,40,38.0,90,6,1,658,628,46,730,431,348,,,0,,,,,,2021,Série B
1,Cruzeiro,38,23,9,6,57,26,31,78,2.05,41.037,Edu - 11,Rafael Cabral,Promoted,,,,,,2022,Série B
2,Grêmio,38,17,14,7,50,26,24,65,1.71,23.476,Diego Souza - 14,Brenno,Promoted,,,,,,2022,Série B
3,Bahia,38,17,11,10,43,29,14,62,1.63,30.161,Matheus Davó - 9,Danilo Fernandes,Promoted,,,,,,2022,Série B
4,Vasco da Gama,38,17,11,10,48,36,12,62,1.63,23.648,Raniel - 10,Thiago Rodrigues,Promoted,,,,,,2022,Série B
5,Sampaio Corrêa,38,16,10,12,48,42,6,58,1.53,6.043,Gabriel Poveda - 19,Luiz Daniel,,,,,,,2022,Série B
6,Ituano,38,15,12,11,42,34,8,57,1.50,2.718,Rafael Elias - 10,Pegorari,,,,,,,2022,Série B
7,Sport Recife,38,15,12,11,37,31,6,57,1.50,13.963,Vágner Love - 7,Mailson,,,,,,,2022,Série B
8,Criciúma,38,14,14,10,43,31,12,56,1.47,11.268,Hygor - 10,Gustavo,,,,,,,2022,Série B
9,Londrina,38,14,11,13,36,37,-1,53,1.39,2.465,Douglas Coutinho - 7,Matheus Nogueira da Silva,,,,,,,2022,Série B
10,Guarani,38,13,12,13,33,36,-3,51,1.34,5.937,Yuri Jonathan - 7,Maurício Kozlinski,,,,,,,2022,Série B
11,CRB,38,13,11,14,35,43,-8,50,1.32,5.75,Anselmo Ramon - 9,Diogo Silva,,,,,,,2022,Série B
12,Ponte Preta,38,12,13,13,34,36,-2,49,1.29,4.469,Lucca - 15,Caíque França,,,,,,,2022,Série B
13,Vila Nova,38,9,20,9,28,31,-3,47,1.24,4.621,Neto Pessoa - 6,Tony Batista,,,,,,,2022,Série B
14,Chapecoense,38,11,12,15,37,39,-2,45,1.18,4.653,Pedro Perotti - 6,Saulo,,,,,,,2022,Série B
15,Tombense,38,10,15,13,38,47,-9,45,1.18,1.333,Ciel - 10,Felipe Garcia,,,,,,,2022,Série B
16,Novorizontino,38,11,11,16,44,49,-5,44,1.16,1.682,Ronaldo - 9,Lucas Frigeri,,,,,,,2022,Série B
17,CSA,38,9,15,14,29,37,-8,42,1.11,7.944,Rodrigo Rodrigues - 9,Marcelo Carné,Relegated,,,,,,2022,Série B
18,Brusque,38,8,10,20,21,38,-17,34,0.89,2.605,"Diego Jardel, Wallace Reis... - 3",Jordan,Relegated,,,,,,2022,Série B
19,Operário,38,7,13,18,31,53,-22,34,0.89,3.843,Paulo Sérgio - 5,Vanderlei,Relegated,,,,,,2022,Série B
20,Náutico,38,8,6,24,32,65,-33,30,0.79,7.421,Geuvânio - 4,Lucas Perri,Relegated,,,,,,2022,Série B
Squad Standard Stats 2022 Série B,,,,,,,,,,,,,,,,,,,,2022,Série B
View Player Stats,,,,,,,,,,,,,,,,,,,,2022,Série B
Toggle Per90 Stats,,,,,,,,,,,,,,,,,,,,2022,Série B
Squad Stats,,,,,,,,,,,,,,,,,,,,2022,Série B
Opponent Stats,,,,,,,,,,,,,,,,,,,,2022,Série B
Squad,# Pl,Age,Poss,MP,Starts,Min,90s,Gls,Ast,G+A,G-PK,PK,PKatt,CrdY,Gls,Ast,G+A,G-PK,G+A-PK,2022,Série B
Bahia,37,25.9,50.7,38,418,3.42,38.0,42,25,67,38,4,4,82,1.11,0.66,1.76,1.00,1.66,2022,Série B
Brusque,40,29.6,51.6,38,418,3.42,38.0,20,14,34,16,4,9,86,0.53,0.37,0.89,0.42,0.79,2022,Série B
Chapecoense,40,27.3,50.0,38,418,3.42,38.0,34,28,62,33,1,3,96,0.89,0.74,1.63,0.87,1.61,2022,Série B
CRB,36,28.9,50.9,38,418,3.42,38.0,35,25,60,30,5,6,97,0.92,0.66,1.58,0.79,1.45,2022,Série B
Criciúma,38,29.1,49.3,38,418,3.42,38.0,40,26,66,37,3,4,87,1.05,0.68,1.74,0.97,1.66,2022,Série B
Cruzeiro,45,26.4,62.2,38,418,3.42,38.0,53,44,97,51,2,2,80,1.39,1.16,2.55,1.34,2.50,2022,Série B
CSA,44,28.7,47.6,38,418,3.42,38.0,29,18,47,25,4,4,89,0.76,0.47,1.24,0.66,1.13,2022,Série B
Grêmio,38,27.3,50.7,38,418,3.42,38.0,49,30,79,43,6,7,71,1.29,0.79,2.08,1.13,1.92,2022,Série B
Guarani,41,26.5,50.8,38,418,3.42,38.0,32,22,54,28,4,6,95,0.84,0.58,1.42,0.74,1.32,2022,Série B
Ituano,36,28.3,43.7,38,418,3.42,38.0,42,29,71,40,2,4,94,1.11,0.76,1.87,1.05,1.82,2022,Série B
Londrina,42,27.5,45.1,38,418,3.42,38.0,35,23,58,31,4,6,81,0.92,0.61,1.53,0.82,1.42,2022,Série B
Náutico,50,26.8,49.7,38,418,3.42,38.0,30,17,47,28,2,3,98,0.79,0.45,1.24,0.74,1.18,2022,Série B
Novorizontino,35,28.1,50.5,38,418,3.42,38.0,43,29,72,39,4,5,98,1.13,0.76,1.89,1.03,1.79,2022,Série B
Operário,47,30.3,49.4,38,418,3.42,38.0,30,18,48,26,4,4,80,0.79,0.47,1.26,0.68,1.16,2022,Série B
Ponte Preta,48,25.3,52.7,38,418,3.42,38.0,34,20,54,29,5,6,121,0.89,0.53,1.42,0.76,1.29,2022,Série B
Sampaio Corrêa,37,28.6,44.0,38,418,3.42,38.0,47,37,84,41,6,7,69,1.24,0.97,2.21,1.08,2.05,2022,Série B
Sport Recife,37,27.8,55.1,38,418,3.42,38.0,37,23,60,36,1,1,82,0.97,0.61,1.58,0.95,1.55,2022,Série B
Tombense,39,28.4,48.4,38,418,3.42,38.0,38,23,61,31,7,7,81,1.00,0.61,1.61,0.82,1.42,2022,Série B
Vasco da Gama,42,27.4,50.7,38,418,3.42,38.0,46,26,72,40,6,6,102,1.21,0.68,1.89,1.05,1.74,2022,Série B
Vila Nova,41,29.0,47.9,38,418,3.42,38.0,28,16,44,22,6,7,83,0.74,0.42,1.16,0.58,1.00,2022,Série B
"Totals may not be complete for all senior-level play, see coverage note.",,,,,,,,,,,,,,,,,,,,2022,Série B
Squad Goalkeeping 2022 Série B,,,,,,,,,,,,,,,,,,,,2022,Série B
View Player Stats,,,,,,,,,,,,,,,,,,,,2022,Série B
Toggle Per90 Stats,,,,,,,,,,,,,,,,,,,,2022,Série B
Squad Stats,,,,,,,,,,,,,,,,,,,,2022,Série B
Opponent Stats,,,,,,,,,,,,,,,,,,,,2022,Série B
Squad,# Pl,MP,Starts,Min,90s,GA,GA90,SoTA,Saves,Save%,W,D,L,CS,PKatt,PKA,PKsv,PKm,Save%,2022,Série B
Bahia,2,38,38,3.42,38.0,29,0.76,116,87,76.7,17,11,10,14,2,2,0,0,0.0,2022,Série B
Brusque,3,38,38,3.42,38.0,38,1.00,141,106,75.9,8,10,20,12,4,4,0,0,0.0,2022,Série B
Chapecoense,2,38,38,3.42,38.0,39,1.03,129,95,73.6,11,12,15,14,5,5,0,0,0.0,2022,Série B
CRB,2,38,38,3.42,38.0,43,1.13,153,119,77.1,13,11,14,9,9,8,1,0,11.1,2022,Série B
Criciúma,2,38,38,3.42,38.0,31,0.82,133,107,78.9,14,14,10,13,5,3,2,0,40.0,2022,Série B
Cruzeiro,2,38,38,3.42,38.0,24,0.63,107,84,78.5,23,9,6,17,3,1,0,2,0.0,2022,Série B
CSA,3,38,38,3.418,38.0,34,0.90,158,124,79.1,9,15,14,14,2,1,0,1,0.0,2022,Série B
Grêmio,3,38,38,3.42,38.0,26,0.68,99,77,77.8,17,14,7,18,4,4,0,0,0.0,2022,Série B
Guarani,4,38,38,3.42,38.0,36,0.95,146,116,79.5,13,12,13,16,6,6,0,0,0.0,2022,Série B
Ituano,4,38,38,3.42,38.0,34,0.89,128,99,77.3,15,12,11,15,6,5,1,0,16.7,2022,Série B
Londrina,3,38,38,3.42,38.0,33,0.87,136,107,77.9,14,11,13,10,5,3,1,1,25.0,2022,Série B
Náutico,5,38,38,3.417,38.0,65,1.71,177,121,67.2,8,6,24,4,9,7,2,0,22.2,2022,Série B
Novorizontino,4,38,38,3.42,38.0,49,1.29,153,107,69.3,11,11,16,10,3,2,1,0,33.3,2022,Série B
Operário,4,38,38,3.42,38.0,50,1.32,170,125,73.5,7,13,18,12,6,5,1,0,16.7,2022,Série B
Ponte Preta,3,38,38,3.419,38.0,36,0.95,128,96,74.2,12,13,13,16,5,3,1,1,25.0,2022,Série B
Sampaio Corrêa,4,38,38,3.42,38.0,42,1.11,146,111,74.7,16,10,12,9,8,5,3,0,37.5,2022,Série B
Sport Recife,4,38,38,3.42,38.0,31,0.82,123,97,78.0,15,12,11,18,5,4,1,0,20.0,2022,Série B
Tombense,2,38,38,3.42,38.0,47,1.24,148,110,73.6,10,15,13,11,9,8,1,0,11.1,2022,Série B
Vasco da Gama,3,38,38,3.42,38.0,36,0.95,158,123,77.2,17,11,10,16,1,0,1,0,100.0,2022,Série B
Vila Nova,3,38,38,3.418,38.0,31,0.82,134,106,79.9,9,20,9,15,4,4,0,0,0.0,2022,Série B
"Totals may not be complete for all senior-level play, see coverage note.",,,,,,,,,,,,,,,,,,,,2022,Série B
Become a Stathead & surf this site ad-free.,,,,,,,,,,,,,,,,,,,,2022,Série B
Squad Shooting 2022 Série B,,,,,,,,,,,,,,,,,,,,2022,Série B
View Player Stats,,,,,,,,,,,,,,,,,,,,2022,Série B
Toggle Per90 Stats,,,,,,,,,,,,,,,,,,,,2022,Série B
Squad Stats,,,,,,,,,,,,,,,,,,,,2022,Série B
Opponent Stats,,,,,,,,,,,,,,,,,,,,2022,Série B
Squad,# Pl,90s,Gls,Sh,SoT,SoT%,Sh/90,SoT/90,G/Sh,G/SoT,PK,PKatt,,,,,,,,2022,Série B
Bahia,37,38.0,42,534,142,26.6,14.05,3.74,0.07,0.27,4,4,,,,,,,,2022,Série B
Brusque,40,38.0,20,522,161,30.8,13.74,4.24,0.03,0.10,4,9,,,,,,,,2022,Série B
Chapecoense,40,38.0,34,534,143,26.8,14.05,3.76,0.06,0.23,1,3,,,,,,,,2022,Série B
CRB,36,38.0,35,393,120,30.5,10.34,3.16,0.08,0.25,5,6,,,,,,,,2022,Série B
Criciúma,38,38.0,40,561,156,27.8,14.76,4.11,0.07,0.24,3,4,,,,,,,,2022,Série B
Cruzeiro,45,38.0,53,572,167,29.2,15.05,4.39,0.09,0.31,2,2,,,,,,,,2022,Série B
CSA,44,38.0,29,467,141,30.2,12.29,3.71,0.05,0.18,4,4,,,,,,,,2022,Série B
Grêmio,38,38.0,49,508,180,35.4,13.37,4.74,0.08,0.24,6,7,,,,,,,,2022,Série B
Guarani,41,38.0,32,498,157,31.5,13.11,4.13,0.06,0.18,4,6,,,,,,,,2022,Série B
Ituano,36,38.0,42,481,150,31.2,12.66,3.95,0.08,0.27,2,4,,,,,,,,2022,Série B
Londrina,42,38.0,35,455,136,29.9,11.97,3.58,0.07,0.23,4,6,,,,,,,,2022,Série B
Náutico,50,38.0,30,461,148,32.1,12.13,3.89,0.06,0.19,2,3,,,,,,,,2022,Série B
Novorizontino,35,38.0,43,546,154,28.2,14.37,4.05,0.07,0.25,4,5,,,,,,,,2022,Série B
Operário,47,38.0,30,462,121,26.2,12.16,3.18,0.06,0.21,4,4,,,,,,,,2022,Série B
Ponte Preta,48,38.0,34,470,131,27.9,12.37,3.45,0.06,0.22,5,6,,,,,,,,2022,Série B
Sampaio Corrêa,37,38.0,47,517,154,29.8,13.61,4.05,0.08,0.27,6,7,,,,,,,,2022,Série B
Sport Recife,37,38.0,37,528,133,25.2,13.89,3.50,0.07,0.27,1,1,,,,,,,,2022,Série B
Tombense,39,38.0,38,407,115,28.3,10.71,3.03,0.08,0.27,7,7,,,,,,,,2022,Série B
Vasco da Gama,42,38.0,46,437,137,31.4,11.50,3.61,0.09,0.29,6,6,,,,,,,,2022,Série B
Vila Nova,41,38.0,28,477,139,29.1,12.55,3.66,0.05,0.16,6,7,,,,,,,,2022,Série B
"Totals may not be complete for all senior-level play, see coverage note.",,,,,,,,,,,,,,,,,,,,2022,Série B
Squad Playing Time 2022 Série B,,,,,,,,,,,,,,,,,,,,2022,Série B
View Player Stats,,,,,,,,,,,,,,,,,,,,2022,Série B
Toggle Per90 Stats,,,,,,,,,,,,,,,,,,,,2022,Série B
Squad Stats,,,,,,,,,,,,,,,,,,,,2022,Série B
Opponent Stats,,,,,,,,,,,,,,,,,,,,2022,Série B
Squad,# Pl,Age,MP,Min,Mn/MP,Min%,90s,Starts,Mn/Start,Compl,Subs,Mn/Sub,unSub,PPM,onGA,+/-,+/-90,,,2022,Série B
Bahia,37,25.9,38,3.42,90,100,38.0,418,80,231,185,22,243,1.63,29,14,+0.37,,,2022,Série B
Brusque,40,29.6,38,3.42,90,100,38.0,418,79,233,182,24,216,0.89,38,-17,-0.45,,,2022,Série B
Chapecoense,40,27.3,38,3.42,90,100,38.0,418,80,229,187,22,223,1.18,39,-2,-0.05,,,2022,Série B
CRB,36,28.9,38,3.42,90,100,38.0,418,80,229,186,23,242,1.32,43,-8,-0.21,,,2022,Série B
Criciúma,38,29.1,38,3.42,90,100,38.0,418,81,228,189,20,215,1.47,31,12,+0.32,,,2022,Série B
Cruzeiro,45,26.4,38,3.42,90,100,38.0,418,80,231,183,22,229,2.05,26,31,+0.82,,,2022,Série B
CSA,44,28.7,38,3.42,90,100,38.0,418,79,233,180,25,237,1.11,37,-8,-0.21,,,2022,Série B
Grêmio,38,27.3,38,3.42,90,100,38.0,418,80,230,187,22,264,1.71,26,24,+0.63,,,2022,Série B
Guarani,41,26.5,38,3.42,90,100,38.0,418,79,228,187,24,215,1.34,36,-3,-0.08,,,2022,Série B
Ituano,36,28.3,38,3.42,90,100,38.0,418,80,229,188,22,196,1.50,34,8,+0.21,,,2022,Série B
Londrina,42,27.5,38,3.42,90,100,38.0,418,80,241,176,22,230,1.39,37,-1,-0.03,,,2022,Série B
Náutico,50,26.8,38,3.42,90,100,38.0,418,79,233,178,26,217,0.79,65,-33,-0.87,,,2022,Série B
Novorizontino,35,28.1,38,3.42,90,100,38.0,418,78,226,188,26,240,1.16,49,-5,-0.13,,,2022,Série B
Operário,47,30.3,38,3.42,90,100,38.0,418,79,229,188,25,229,0.89,53,-22,-0.58,,,2022,Série B
Ponte Preta,48,25.3,38,3.42,90,100,38.0,418,79,237,179,26,234,1.29,36,-2,-0.05,,,2022,Série B
Sampaio Corrêa,37,28.6,38,3.42,90,100,38.0,418,82,235,182,17,225,1.53,42,6,+0.16,,,2022,Série B
Sport Recife,37,27.8,38,3.42,90,100,38.0,418,80,233,182,22,262,1.50,31,6,+0.16,,,2022,Série B
Tombense,39,28.4,38,3.42,90,100,38.0,418,81,237,181,22,230,1.18,47,-9,-0.24,,,2022,Série B
Vasco da Gama,42,27.4,38,3.42,90,100,38.0,418,80,230,186,22,265,1.63,36,12,+0.32,,,2022,Série B
Vila Nova,41,29.0,38,3.42,90,100,38.0,418,80,240,176,23,212,1.24,31,-3,-0.08,,,2022,Série B
"Totals may not be complete for all senior-level play, see coverage note.",,,,,,,,,,,,,,,,,,,,2022,Série B
Squad Miscellaneous Stats 2022 Série B,,,,,,,,,,,,,,,,,,,,2022,Série B
View Player Stats,,,,,,,,,,,,,,,,,,,,2022,Série B
Toggle Per90 Stats,,,,,,,,,,,,,,,,,,,,2022,Série B
Squad Stats,,,,,,,,,,,,,,,,,,,,2022,Série B
Opponent Stats,,,,,,,,,,,,,,,,,,,,2022,Série B
Squad,# Pl,90s,CrdY,CrdR,2CrdY,Fls,Fld,Off,Crs,Int,TklW,PKwon,PKcon,OG,,,,,,2022,Série B
Bahia,37,38.0,82,8,4,552,451,46,748,407,427,,,1,,,,,,2022,Série B
Brusque,40,38.0,86,5,2,489,548,60,749,386,464,,,1,,,,,,2022,Série B
Chapecoense,40,38.0,96,5,0,521,505,42,816,426,423,,,1,,,,,,2022,Série B
CRB,36,38.0,97,5,2,590,534,56,557,435,314,,,3,,,,,,2022,Série B
Criciúma,38,38.0,87,3,1,540,537,57,744,456,398,,,1,,,,,,2022,Série B
Cruzeiro,45,38.0,80,7,2,489,431,89,932,463,382,,,0,,,,,,2022,Série B
CSA,44,38.0,89,7,1,554,434,66,766,377,325,,,1,,,,,,2022,Série B
Grêmio,38,38.0,71,3,1,520,530,53,708,430,452,,,1,,,,,,2022,Série B
Guarani,41,38.0,95,4,1,579,517,53,843,401,345,,,0,,,,,,2022,Série B
Ituano,36,38.0,94,5,0,637,397,45,742,393,393,,,1,,,,,,2022,Série B
Londrina,42,38.0,81,6,4,520,553,45,546,367,341,,,2,,,,,,2022,Série B
Náutico,50,38.0,98,9,1,604,530,54,701,388,371,,,0,,,,,,2022,Série B
Novorizontino,35,38.0,98,4,2,560,516,50,777,424,377,,,0,,,,,,2022,Série B
Operário,47,38.0,80,3,2,535,520,37,696,387,395,,,0,,,,,,2022,Série B
Ponte Preta,48,38.0,121,6,1,680,596,59,750,502,444,,,1,,,,,,2022,Série B
Sampaio Corrêa,37,38.0,69,1,0,517,557,50,665,402,369,,,2,,,,,,2022,Série B
Sport Recife,37,38.0,82,10,2,494,503,59,731,449,436,,,1,,,,,,2022,Série B
Tombense,39,38.0,81,1,1,506,523,40,605,390,355,,,1,,,,,,2022,Série B
Vasco da Gama,42,38.0,102,4,1,470,558,55,670,399,426,,,2,,,,,,2022,Série B
Vila Nova,41,38.0,83,3,2,530,547,62,679,421,403,,,3,,,,,,2022,Série B
1,Vitória,38,22,6,10,50,31,19,72,1.89,23.394,Léo Gamalho - 10,Lucas Arcanjo,Promoted,,,,,,2023,Série B
2,Juventude,38,18,11,9,42,31,11,65,1.71,6.465,Nenê - 7,Thiago,Promoted,,,,,,2023,Série B
3,Criciúma,38,19,7,12,45,33,12,64,1.68,14.088,Éder - 9,Gustavo,Promoted,,,,,,2023,Série B
4,Atlético Goianiense,38,17,13,8,56,45,11,64,1.68,6.729,Gustavo Coutinho - 14,Ronaldo,Promoted,,,,,,2023,Série B
5,Novorizontino,38,19,6,13,48,30,18,63,1.66,2.637,Romulo - 7,Jordi Almeida,,,,,,,2023,Série B
6,Mirassol,38,18,9,11,42,31,11,63,1.66,2.358,Zé Roberto - 8,Alex Muralha,,,,,,,2023,Série B
7,Sport Recife,38,17,12,9,59,40,19,63,1.66,17.707,Vágner Love - 11,Renan dos Santos,,,,,,,2023,Série B
8,Vila Nova,38,17,10,11,49,30,19,61,1.61,8.717,Caio Dantas - 10,Júnior Dênis,,,,,,,2023,Série B
9,CRB,38,16,9,13,45,39,6,57,1.50,4.96,Anselmo Ramon - 9,Diogo Silva,,,,,,,2023,Série B
10,Guarani,38,15,12,11,42,33,9,57,1.50,6.492,Derek - 10,Pegorari,,,,,,,2023,Série B
11,Cearáá,38,13,11,14,40,45,-5,50,1.32,16.262,Erick - 10,Bruno Ferreira,,,,,,,2023,Série B
12,Botafogo (SP),38,12,11,15,25,42,-17,47,1.24,3.208,Osman Júnior - 5,Matheus Albino,,,,,,,2023,Série B
13,Avaíí,38,10,14,14,31,48,-17,44,1.16,6.69,"Denílson, Waguinho - 4",Igor Bohn,,,,,,,2023,Série B
14,Ituano,38,9,15,14,33,38,-5,42,1.11,1.528,Quirino - 5,Jefferson Paulino,,,,,,,2023,Série B
15,Ponte Preta,38,9,15,14,24,35,-11,42,1.11,4.721,Pablo Dyego - 5,Caíque França,,,,,,,2023,Série B
16,Chapecoense,38,9,13,16,38,43,-5,40,1.05,5.485,Bruno Nazário - 8,Airton Moraes,,,,,,,2023,Série B
17,Sampaio Corrêa,38,8,15,15,31,43,-12,39,1.03,4.193,Ytalo - 13,Luiz Daniel,Relegated,,,,,,2023,Série B
18,Tombense,38,9,10,19,37,50,-13,37,0.97,898,Fernandão - 9,Felipe Garcia,Relegated,,,,,,2023,Série B
19,Londrina,38,7,10,21,31,58,-27,31,0.82,974,João Paulo - 7,Neneca,Relegated,,,,,,2023,Série B
20,ABC,38,5,13,20,28,51,-23,28,0.74,4.959,Thonny Anderson - 5,Simão Bertelli,Relegated,,,,,,2023,Série B
Squad Standard Stats 2023 Série B,,,,,,,,,,,,,,,,,,,,2023,Série B
View Player Stats,,,,,,,,,,,,,,,,,,,,2023,Série B
Toggle Per90 Stats,,,,,,,,,,,,,,,,,,,,2023,Série B
Squad Stats,,,,,,,,,,,,,,,,,,,,2023,Série B
Opponent Stats,,,,,,,,,,,,,,,,,,,,2023,Série B
Squad,# Pl,Age,Poss,MP,Starts,Min,90s,Gls,Ast,G+A,G-PK,PK,PKatt,CrdY,Gls,Ast,G+A,G-PK,G+A-PK,2023,Série B
ABC,54,27.4,46.8,38,418,3.42,38.0,26,15,41,21,5,5,112,0.68,0.39,1.08,0.55,0.95,2023,Série B
Atlético Goianiense,39,25.7,54.0,38,418,3.42,38.0,56,40,96,51,5,6,96,1.47,1.05,2.53,1.34,2.39,2023,Série B
Avaí,47,28.2,50.3,38,418,3.42,38.0,27,18,45,23,4,4,116,0.71,0.47,1.18,0.61,1.08,2023,Série B
Botafogo (SP),39,26.1,44.6,38,418,3.42,38.0,25,16,41,23,2,2,82,0.66,0.42,1.08,0.61,1.03,2023,Série B
Ceará,42,27.1,52.8,38,418,3.42,38.0,40,23,63,36,4,6,123,1.05,0.61,1.66,0.95,1.55,2023,Série B
Chapecoense,41,26.7,50.3,38,418,3.42,38.0,38,27,65,34,4,5,115,1.00,0.71,1.71,0.89,1.61,2023,Série B
CRB,37,29.9,51.5,38,418,3.42,38.0,44,32,76,44,0,1,95,1.16,0.84,2.00,1.16,2.00,2023,Série B
Criciúma,31,29.6,49.1,38,418,3.42,38.0,44,33,77,39,5,5,96,1.16,0.87,2.03,1.03,1.89,2023,Série B
Guarani,32,26.5,49.8,38,418,3.42,38.0,41,29,70,38,3,5,108,1.08,0.76,1.84,1.00,1.76,2023,Série B
Ituano,41,27.3,50.2,38,418,3.42,38.0,31,23,54,30,1,2,110,0.82,0.61,1.42,0.79,1.39,2023,Série B
Juventude,40,26.9,51.6,38,418,3.42,38.0,41,25,66,35,6,7,108,1.08,0.66,1.74,0.92,1.58,2023,Série B
Londrina,48,27.3,47.1,38,418,3.42,38.0,31,17,48,26,5,5,107,0.82,0.45,1.26,0.68,1.13,2023,Série B
Mirassol,31,28.2,56.1,38,418,3.42,38.0,42,28,70,36,6,8,93,1.11,0.74,1.84,0.95,1.68,2023,Série B
Novorizontino,31,29.5,49.1,38,418,3.42,38.0,46,29,75,44,2,4,93,1.21,0.76,1.97,1.16,1.92,2023,Série B
Ponte Preta,38,25.5,46.6,38,418,3.42,38.0,24,15,39,22,2,4,121,0.63,0.39,1.03,0.58,0.97,2023,Série B
Sampaio Corrêa,50,29.0,50.0,38,418,3.42,38.0,30,19,49,28,2,4,101,0.79,0.50,1.29,0.74,1.24,2023,Série B
Sport Recife,41,29.0,51.5,38,418,3.42,38.0,55,36,91,51,4,6,69,1.45,0.95,2.39,1.34,2.29,2023,Série B
Tombense,39,28.8,49.9,38,418,3.42,38.0,36,28,64,33,3,5,118,0.95,0.74,1.68,0.87,1.61,2023,Série B
Vila Nova,33,27.4,48.3,38,418,3.42,38.0,48,33,81,47,1,3,100,1.26,0.87,2.13,1.24,2.11,2023,Série B
Vitória,35,27.2,51.4,38,418,3.42,38.0,48,33,81,42,6,6,98,1.26,0.87,2.13,1.11,1.97,2023,Série B
"Totals may not be complete for all senior-level play, see coverage note.",,,,,,,,,,,,,,,,,,,,2023,Série B
Squad Goalkeeping 2023 Série B,,,,,,,,,,,,,,,,,,,,2023,Série B
View Player Stats,,,,,,,,,,,,,,,,,,,,2023,Série B
Toggle Per90 Stats,,,,,,,,,,,,,,,,,,,,2023,Série B
Squad Stats,,,,,,,,,,,,,,,,,,,,2023,Série B
Opponent Stats,,,,,,,,,,,,,,,,,,,,2023,Série B
Squad,# Pl,MP,Starts,Min,90s,GA,GA90,SoTA,Saves,Save%,W,D,L,CS,PKatt,PKA,PKsv,PKm,Save%,2023,Série B
ABC,4,38,38,3.42,38.0,51,1.34,164,117,71.3,5,13,20,8,5,4,0,1,0.0,2023,Série B
Atlético Goianiense,2,38,38,3.419,38.0,45,1.18,148,111,71.6,17,13,8,12,8,3,5,0,62.5,2023,Série B
Avaí,4,38,38,3.417,38.0,48,1.26,183,142,76.5,10,14,14,14,7,5,2,0,28.6,2023,Série B
Botafogo (SP),2,38,38,3.42,38.0,42,1.11,162,122,75.3,12,11,15,15,2,2,0,0,0.0,2023,Série B
Ceará,3,38,38,3.411,38.0,45,1.19,156,117,74.4,13,11,14,12,7,5,1,1,16.7,2023,Série B
Chapecoense,3,38,38,3.42,38.0,43,1.13,157,121,75.2,9,13,16,8,7,4,3,0,42.9,2023,Série B
CRB,3,38,38,3.42,38.0,39,1.03,160,127,78.8,16,9,13,14,6,5,1,0,16.7,2023,Série B
Criciúma,2,38,38,3.42,38.0,33,0.87,145,115,78.6,19,7,12,15,3,2,1,0,33.3,2023,Série B
Guarani,4,38,38,3.42,38.0,33,0.87,151,119,78.8,15,12,11,13,1,1,0,0,0.0,2023,Série B
Ituano,2,38,38,3.42,38.0,38,1.00,152,118,77.0,9,15,14,12,4,3,1,0,25.0,2023,Série B
Juventude,2,38,38,3.42,38.0,31,0.82,129,98,76.0,18,11,9,18,2,0,1,1,100.0,2023,Série B
Londrina,3,38,38,3.42,38.0,58,1.53,175,122,69.1,7,10,21,10,5,4,1,0,20.0,2023,Série B
Mirassol,1,38,38,3.42,38.0,31,0.82,124,95,76.6,18,9,11,17,3,2,0,1,0.0,2023,Série B
Novorizontino,2,38,38,3.42,38.0,30,0.79,125,97,77.6,19,6,13,16,2,2,0,0,0.0,2023,Série B
Ponte Preta,2,38,38,3.42,38.0,35,0.92,148,118,79.7,9,15,14,17,5,5,0,0,0.0,2023,Série B
Sampaio Corrêa,2,38,38,3.42,38.0,43,1.13,121,83,67.8,8,15,15,14,6,4,1,1,20.0,2023,Série B
Sport Recife,3,38,38,3.42,38.0,40,1.05,123,89,72.4,17,12,9,14,6,6,0,0,0.0,2023,Série B
Tombense,2,38,38,3.42,38.0,50,1.32,158,115,72.8,9,10,19,7,7,7,0,0,0.0,2023,Série B
Vila Nova,2,38,38,3.42,38.0,30,0.79,117,91,77.8,17,10,11,14,5,4,0,1,0.0,2023,Série B
Vitória,3,38,38,3.42,38.0,31,0.82,145,114,78.6,22,6,10,20,0,0,0,0,,2023,Série B
"Totals may not be complete for all senior-level play, see coverage note.",,,,,,,,,,,,,,,,,,,,2023,Série B
Become a Stathead & surf this site ad-free.,,,,,,,,,,,,,,,,,,,,2023,Série B
Squad Shooting 2023 Série B,,,,,,,,,,,,,,,,,,,,2023,Série B
View Player Stats,,,,,,,,,,,,,,,,,,,,2023,Série B
Toggle Per90 Stats,,,,,,,,,,,,,,,,,,,,2023,Série B
Squad Stats,,,,,,,,,,,,,,,,,,,,2023,Série B
Opponent Stats,,,,,,,,,,,,,,,,,,,,2023,Série B
Squad,# Pl,90s,Gls,Sh,SoT,SoT%,Sh/90,SoT/90,G/Sh,G/SoT,PK,PKatt,,,,,,,,2023,Série B
ABC,54,38.0,26,403,131,32.5,10.61,3.45,0.05,0.16,5,5,,,,,,,,2023,Série B
Atlético Goianiense,39,38.0,56,517,175,33.8,13.61,4.61,0.10,0.29,5,6,,,,,,,,2023,Série B
Avaí,47,38.0,27,443,122,27.5,11.66,3.21,0.05,0.19,4,4,,,,,,,,2023,Série B
Botafogo (SP),39,38.0,25,458,124,27.1,12.05,3.26,0.05,0.19,2,2,,,,,,,,2023,Série B
Ceará,42,38.0,40,521,164,31.5,13.71,4.32,0.07,0.22,4,6,,,,,,,,2023,Série B
Chapecoense,41,38.0,38,519,149,28.7,13.66,3.92,0.07,0.23,4,5,,,,,,,,2023,Série B
CRB,37,38.0,44,498,149,29.9,13.11,3.92,0.09,0.30,0,1,,,,,,,,2023,Série B
Criciúma,31,38.0,44,505,173,34.3,13.29,4.55,0.08,0.23,5,5,,,,,,,,2023,Série B
Guarani,32,38.0,41,449,142,31.6,11.82,3.74,0.08,0.27,3,5,,,,,,,,2023,Série B
Ituano,41,38.0,31,496,145,29.2,13.05,3.82,0.06,0.21,1,2,,,,,,,,2023,Série B
Juventude,40,38.0,41,498,149,29.9,13.11,3.92,0.07,0.23,6,7,,,,,,,,2023,Série B
Londrina,48,38.0,31,488,142,29.1,12.84,3.74,0.05,0.18,5,5,,,,,,,,2023,Série B
Mirassol,31,38.0,42,516,160,31.0,13.58,4.21,0.07,0.23,6,8,,,,,,,,2023,Série B
Novorizontino,31,38.0,46,649,202,31.1,17.08,5.32,0.07,0.22,2,4,,,,,,,,2023,Série B
Ponte Preta,38,38.0,24,430,135,31.4,11.32,3.55,0.05,0.16,2,4,,,,,,,,2023,Série B
Sampaio Corrêa,50,38.0,30,489,122,24.9,12.87,3.21,0.06,0.23,2,4,,,,,,,,2023,Série B
Sport Recife,41,38.0,55,512,168,32.8,13.47,4.42,0.10,0.30,4,6,,,,,,,,2023,Série B
Tombense,39,38.0,36,517,151,29.2,13.61,3.97,0.06,0.22,3,5,,,,,,,,2023,Série B
Vila Nova,33,38.0,48,653,200,30.6,17.18,5.26,0.07,0.24,1,3,,,,,,,,2023,Série B
Vitória,35,38.0,48,520,153,29.4,13.68,4.03,0.08,0.27,6,6,,,,,,,,2023,Série B
"Totals may not be complete for all senior-level play, see coverage note.",,,,,,,,,,,,,,,,,,,,2023,Série B
Squad Playing Time 2023 Série B,,,,,,,,,,,,,,,,,,,,2023,Série B
View Player Stats,,,,,,,,,,,,,,,,,,,,2023,Série B
Toggle Per90 Stats,,,,,,,,,,,,,,,,,,,,2023,Série B
Squad Stats,,,,,,,,,,,,,,,,,,,,2023,Série B
Opponent Stats,,,,,,,,,,,,,,,,,,,,2023,Série B
Squad,# Pl,Age,MP,Min,Mn/MP,Min%,90s,Starts,Mn/Start,Compl,Subs,Mn/Sub,unSub,PPM,onGA,+/-,+/-90,,,2023,Série B
ABC,54,27.4,38,3.42,90,100,38.0,418,78,240,177,29,185,0.74,51,-23,-0.61,,,2023,Série B
Atlético Goianiense,39,25.7,38,3.42,90,100,38.0,418,80,243,171,22,190,1.68,45,11,+0.29,,,2023,Série B
Avaí,47,28.2,38,3.42,90,100,38.0,418,78,228,183,24,250,1.16,48,-17,-0.45,,,2023,Série B
Botafogo (SP),39,26.1,38,3.42,90,100,38.0,418,81,232,181,20,224,1.24,42,-17,-0.45,,,2023,Série B
Ceará,42,27.1,38,3.42,90,100,38.0,418,79,223,190,24,254,1.32,45,-5,-0.13,,,2023,Série B
Chapecoense,41,26.7,38,3.42,90,100,38.0,418,78,225,190,25,229,1.05,43,-5,-0.13,,,2023,Série B
CRB,37,29.9,38,3.42,90,100,38.0,418,80,228,187,21,249,1.50,39,6,+0.16,,,2023,Série B
Criciúma,31,29.6,38,3.42,90,100,38.0,418,81,224,190,19,230,1.68,33,12,+0.32,,,2023,Série B
Guarani,32,26.5,38,3.42,90,100,38.0,418,80,224,189,21,232,1.50,33,9,+0.24,,,2023,Série B
Ituano,41,27.3,38,3.42,90,100,38.0,418,79,226,188,24,239,1.11,38,-5,-0.13,,,2023,Série B
Juventude,40,26.9,38,3.42,90,100,38.0,418,81,248,170,22,246,1.71,31,11,+0.29,,,2023,Série B
Londrina,48,27.3,38,3.42,90,100,38.0,418,78,230,187,26,231,0.82,58,-27,-0.71,,,2023,Série B
Mirassol,31,28.2,38,3.42,90,100,38.0,418,81,233,181,20,234,1.66,31,11,+0.29,,,2023,Série B
Novorizontino,31,29.5,38,3.42,90,100,38.0,418,78,223,190,26,249,1.66,30,18,+0.47,,,2023,Série B
Ponte Preta,38,25.5,38,3.42,90,100,38.0,418,79,237,176,24,250,1.11,35,-11,-0.29,,,2023,Série B
Sampaio Corrêa,50,29.0,38,3.42,90,100,38.0,418,79,227,188,23,243,1.03,43,-12,-0.32,,,2023,Série B
Sport Recife,41,29.0,38,3.42,90,100,38.0,418,81,235,184,21,266,1.66,40,19,+0.50,,,2023,Série B
Tombense,39,28.8,38,3.42,90,100,38.0,418,80,234,182,22,233,0.97,50,-13,-0.34,,,2023,Série B
Vila Nova,33,27.4,38,3.42,90,100,38.0,418,81,235,185,20,252,1.61,30,19,+0.50,,,2023,Série B
Vitória,35,27.2,38,3.42,90,100,38.0,418,80,229,189,22,239,1.89,31,19,+0.50,,,2023,Série B
"Totals may not be complete for all senior-level play, see coverage note.",,,,,,,,,,,,,,,,,,,,2023,Série B
Squad Miscellaneous Stats 2023 Série B,,,,,,,,,,,,,,,,,,,,2023,Série B
View Player Stats,,,,,,,,,,,,,,,,,,,,2023,Série B
Toggle Per90 Stats,,,,,,,,,,,,,,,,,,,,2023,Série B
Squad Stats,,,,,,,,,,,,,,,,,,,,2023,Série B
Opponent Stats,,,,,,,,,,,,,,,,,,,,2023,Série B
Squad,# Pl,90s,CrdY,CrdR,2CrdY,Fls,Fld,Off,Crs,Int,TklW,PKwon,PKcon,OG,,,,,,2023,Série B
ABC,54,38.0,112,6,2,591,594,52,601,404,383,,,2,,,,,,2023,Série B
Atlético Goianiense,39,38.0,96,7,4,549,491,50,757,315,306,,,1,,,,,,2023,Série B
Avaí,47,38.0,116,13,3,554,506,43,652,329,353,,,0,,,,,,2023,Série B
Botafogo (SP),39,38.0,82,5,0,584,512,51,642,308,364,,,2,,,,,,2023,Série B
Ceará,42,38.0,123,5,2,635,591,52,682,344,358,,,2,,,,,,2023,Série B
Chapecoense,41,38.0,115,6,2,584,616,62,716,260,369,,,2,,,,,,2023,Série B
CRB,37,38.0,95,7,2,600,563,74,622,323,424,,,0,,,,,,2023,Série B
Criciúma,31,38.0,96,6,1,532,515,68,631,338,360,,,2,,,,,,2023,Série B
Guarani,32,38.0,108,7,3,461,473,47,687,324,349,,,0,,,,,,2023,Série B
Ituano,41,38.0,110,4,1,661,518,50,743,375,355,,,0,,,,,,2023,Série B
Juventude,40,38.0,108,4,2,591,631,72,686,309,374,,,1,,,,,,2023,Série B
Londrina,48,38.0,107,4,1,623,470,48,763,351,356,,,0,,,,,,2023,Série B
Mirassol,31,38.0,93,5,3,622,630,60,698,358,365,,,1,,,,,,2023,Série B
Novorizontino,31,38.0,93,7,2,655,461,58,887,415,408,,,2,,,,,,2023,Série B
Ponte Preta,38,38.0,121,9,4,614,561,67,612,343,422,,,0,,,,,,2023,Série B
Sampaio Corrêa,50,38.0,101,6,1,601,631,41,582,408,382,,,1,,,,,,2023,Série B
Sport Recife,41,38.0,69,2,1,455,506,55,800,282,336,,,4,,,,,,2023,Série B
Tombense,39,38.0,118,3,2,514,565,67,800,351,361,,,1,,,,,,2023,Série B
Vila Nova,33,38.0,100,1,1,563,559,52,766,342,372,,,1,,,,,,2023,Série B
Vitória,35,38.0,98,3,1,519,579,46,699,335,404,,,1,,,,,,2023,Série B
1,Santos,38,20,8,10,57,32,25,68,1.79,10.065,"Giuliano de Paula, Guilherme - 9",Gabriel Brazão,Promoted,,,,,,2024,Série B
2,Mirassol,38,19,10,9,42,26,16,67,1.76,3.746,Dellatorre - 10,Alex Muralha,Promoted,,,,,,2024,Série B
3,Sport Recife,38,19,9,10,57,37,20,66,1.74,18.308,Fabricio Domínguez - 10,Caíque França,Promoted,,,,,,2024,Série B
4,Cearáá,38,19,7,12,59,41,18,64,1.68,28.429,Erick Pulga - 13,Richard,Promoted,,,,,,2024,Série B
5,Novorizontino,38,18,10,10,43,31,12,64,1.68,3.616,Neto Pessoa - 8,Jordi Almeida,,,,,,,2024,Série B
6,Goiás,38,18,9,11,56,32,24,63,1.66,5.677,"Paulo Baya, Marcão Silva - 7",Tadeu,,,,,,,2024,Série B
7,Operário,38,16,10,12,34,32,2,58,1.53,3.508,Maxwell - 7,Rafael Santos,,,,,,,2024,Série B
8,América–MG,38,15,13,10,50,35,15,58,1.53,2.875,Fabinho - 8,Elias Martello Curzel,,,,,,,2024,Série B
9,Vila Nova,38,16,7,15,42,54,-12,55,1.45,5.632,Alesson - 11,Júnior Dênis,,,,,,,2024,Série B
10,Avaíí,38,14,11,13,34,32,2,53,1.39,6.077,Maurício Garcez - 5,César Reis,,,,,,,2024,Série B
11,Amazonas,38,14,10,14,31,37,-6,52,1.37,6.708,Matheus Serafim - 6,Marcão,,,,,,,2024,Série B
12,Coritiba,38,14,8,16,41,44,-3,50,1.32,14.009,Matheus Frizzo - 10,Pedro Morisco,,,,,,,2024,Série B
13,Paysandu,38,12,14,12,41,43,-2,50,1.32,13.49,Esli García - 10,"Diogo Silva, Matheus Nogueira",,,,,,,2024,Série B
14,Botafogo (SP),38,11,12,15,36,51,-15,45,1.18,2.95,Alexandre Jesus - 5,João Carlos,,,,,,,2024,Série B
15,Chapecoense,38,11,11,16,34,45,-11,44,1.16,5.116,Mário Sérgio - 8,Matheus Cavichioli,,,,,,,2024,Série B
16,CRB,38,11,10,17,38,45,-7,43,1.13,5.856,Anselmo Ramon - 10,Matheus Albino,,,,,,,2024,Série B
17,Ponte Preta,38,10,8,20,37,55,-18,38,1.00,5.089,Jeferson Jeh - 7,Pedro,Relegated,,,,,,2024,Série B
18,Ituano,38,11,4,23,43,63,-20,37,0.97,1.942,Bruno Xavier - 8,Jefferson Paulino,Relegated,,,,,,2024,Série B
19,Brusque,38,8,12,18,24,44,-20,36,0.95,1.508,Rodolfo Potiguar - 4,Matheus Nogueira da Silva,Relegated,,,,,,2024,Série B
20,Guarani,38,8,9,21,33,53,-20,33,0.87,4.097,Caio Dantas - 11,Vladimir,Relegated,,,,,,2024,Série B
Squad Standard Stats 2024 Série B,,,,,,,,,,,,,,,,,,,,2024,Série B
View Player Stats,,,,,,,,,,,,,,,,,,,,2024,Série B
Toggle Per90 Stats,,,,,,,,,,,,,,,,,,,,2024,Série B
Squad Stats,,,,,,,,,,,,,,,,,,,,2024,Série B
Opponent Stats,,,,,,,,,,,,,,,,,,,,2024,Série B
Squad,# Pl,Age,Poss,MP,Starts,Min,90s,Gls,Ast,G+A,G-PK,PK,PKatt,CrdY,Gls,Ast,G+A,G-PK,G+A-PK,2024,Série B
Amazonas,43,28.4,51.6,38,418,3.42,38.0,30,23,53,29,1,3,112,0.79,0.61,1.39,0.76,1.37,2024,Série B
América–MG,36,28.2,55.5,38,418,3.42,38.0,47,32,79,42,5,6,77,1.24,0.84,2.08,1.11,1.95,2024,Série B
Avaí,33,29.1,48.7,38,418,3.42,38.0,34,21,55,32,2,3,87,0.89,0.55,1.45,0.84,1.39,2024,Série B
Botafogo (SP),39,27.0,46.7,38,418,3.42,38.0,34,23,57,32,2,3,111,0.89,0.61,1.50,0.84,1.45,2024,Série B
Brusque,39,30.4,47.2,38,418,3.42,38.0,23,13,36,22,1,3,98,0.61,0.34,0.95,0.58,0.92,2024,Série B
Ceará,35,27.0,49.3,38,418,3.42,38.0,58,39,97,51,7,7,108,1.53,1.03,2.55,1.34,2.37,2024,Série B
Chapecoense,48,28.1,45.4,38,418,3.42,38.0,34,22,56,32,2,4,109,0.89,0.58,1.47,0.84,1.42,2024,Série B
Coritiba,36,25.2,50.6,38,418,3.42,38.0,40,29,69,34,6,8,82,1.05,0.76,1.82,0.89,1.66,2024,Série B
CRB,35,27.6,53.5,38,418,3.42,38.0,37,24,61,33,4,6,104,0.97,0.63,1.61,0.87,1.50,2024,Série B
Goiás,37,28.7,48.9,38,418,3.42,38.0,55,35,90,49,6,7,105,1.45,0.92,2.37,1.29,2.21,2024,Série B
Guarani,50,27.8,49.6,38,418,3.42,38.0,32,16,48,28,4,5,104,0.84,0.42,1.26,0.74,1.16,2024,Série B
Ituano,44,27.1,44.7,38,418,3.42,38.0,42,29,71,38,4,5,111,1.11,0.76,1.87,1.00,1.76,2024,Série B
Mirassol,33,29.6,50.7,38,418,3.42,38.0,40,26,66,36,4,7,70,1.05,0.68,1.74,0.95,1.63,2024,Série B
Novorizontino,29,29.7,43.1,38,418,3.42,38.0,39,31,70,36,3,4,113,1.03,0.82,1.84,0.95,1.76,2024,Série B
Operário,43,28.1,54.6,38,418,3.42,38.0,34,22,56,32,2,2,97,0.89,0.58,1.47,0.84,1.42,2024,Série B
Paysandu,38,28.4,55.6,38,418,3.42,38.0,40,32,72,37,3,5,101,1.05,0.84,1.89,0.97,1.82,2024,Série B
Ponte Preta,37,27.9,46.6,38,418,3.42,38.0,37,24,61,34,3,5,120,0.97,0.63,1.61,0.89,1.53,2024,Série B
Santos,41,28.5,53.5,38,418,3.42,38.0,55,37,92,52,3,4,74,1.45,0.97,2.42,1.37,2.34,2024,Série B
Sport Recife,37,28.5,55.0,38,418,3.42,38.0,57,39,96,51,6,8,122,1.50,1.03,2.53,1.34,2.37,2024,Série B
Vila Nova,46,27.1,50.2,38,418,3.42,38.0,41,33,74,38,3,4,110,1.08,0.87,1.95,1.00,1.87,2024,Série B
"Totals may not be complete for all senior-level play, see coverage note.",,,,,,,,,,,,,,,,,,,,2024,Série B
Squad Goalkeeping 2024 Série B,,,,,,,,,,,,,,,,,,,,2024,Série B
View Player Stats,,,,,,,,,,,,,,,,,,,,2024,Série B
Toggle Per90 Stats,,,,,,,,,,,,,,,,,,,,2024,Série B
Squad Stats,,,,,,,,,,,,,,,,,,,,2024,Série B
Opponent Stats,,,,,,,,,,,,,,,,,,,,2024,Série B
Squad,# Pl,MP,Starts,Min,90s,GA,GA90,SoTA,Saves,Save%,W,D,L,CS,PKatt,PKA,PKsv,PKm,Save%,2024,Série B
Amazonas,3,38,38,3.42,38.0,37,0.97,163,130,78.5,14,10,14,15,4,2,2,0,50.0,2024,Série B
América–MG,3,38,38,3.42,38.0,35,0.92,129,97,73.6,15,13,10,12,3,1,2,0,66.7,2024,Série B
Avaí,2,38,38,3.42,38.0,32,0.84,140,110,79.3,14,11,13,15,5,3,0,2,0.0,2024,Série B
Botafogo (SP),3,38,38,3.42,38.0,51,1.34,148,103,68.9,11,12,15,11,6,5,1,0,16.7,2024,Série B
Brusque,2,38,38,3.42,38.0,44,1.16,168,131,78.0,8,12,18,12,8,7,0,1,0.0,2024,Série B
Ceará,2,38,38,3.42,38.0,41,1.08,128,94,72.7,19,7,12,13,7,6,1,0,14.3,2024,Série B
Chapecoense,3,38,38,3.42,38.0,45,1.18,172,133,76.7,11,11,16,11,6,5,1,0,16.7,2024,Série B
Coritiba,2,38,38,3.42,38.0,44,1.16,162,121,74.7,14,8,16,12,3,3,0,0,0.0,2024,Série B
CRB,2,38,38,3.42,38.0,45,1.18,145,106,71.7,11,10,17,8,6,4,2,0,33.3,2024,Série B
Goiás,1,38,38,3.42,38.0,32,0.84,141,115,80.9,18,9,11,13,7,5,1,1,16.7,2024,Série B
Guarani,4,38,38,3.42,38.0,53,1.39,125,78,62.4,8,9,21,10,6,6,0,0,0.0,2024,Série B
Ituano,3,38,38,3.42,38.0,63,1.66,189,130,67.7,11,4,23,7,5,2,2,1,50.0,2024,Série B
Mirassol,2,38,38,3.42,38.0,26,0.68,139,114,81.3,19,10,9,23,1,0,1,0,100.0,2024,Série B
Novorizontino,2,38,38,3.42,38.0,31,0.82,145,116,79.3,18,10,10,14,2,1,1,0,50.0,2024,Série B
Operário,2,38,38,3.419,38.0,32,0.84,132,103,78.0,16,10,12,17,4,3,0,1,0.0,2024,Série B
Paysandu,2,38,38,3.42,38.0,43,1.13,162,123,76.5,12,14,12,8,5,5,0,0,0.0,2024,Série B
Ponte Preta,3,38,38,3.419,38.0,54,1.42,149,100,65.1,10,8,20,9,6,2,4,0,66.7,2024,Série B
Santos,3,38,38,3.42,38.0,32,0.84,127,100,78.0,20,8,10,18,5,4,1,0,20.0,2024,Série B
Sport Recife,2,38,38,3.42,38.0,37,0.97,139,105,75.5,19,9,10,12,3,3,0,0,0.0,2024,Série B
Vila Nova,2,38,38,3.42,38.0,54,1.42,175,126,71.4,16,7,15,10,7,4,1,2,20.0,2024,Série B
"Totals may not be complete for all senior-level play, see coverage note.",,,,,,,,,,,,,,,,,,,,2024,Série B
Become a Stathead & surf this site ad-free.,,,,,,,,,,,,,,,,,,,,2024,Série B
Squad Shooting 2024 Série B,,,,,,,,,,,,,,,,,,,,2024,Série B
View Player Stats,,,,,,,,,,,,,,,,,,,,2024,Série B
Toggle Per90 Stats,,,,,,,,,,,,,,,,,,,,2024,Série B
Squad Stats,,,,,,,,,,,,,,,,,,,,2024,Série B
Opponent Stats,,,,,,,,,,,,,,,,,,,,2024,Série B
Squad,# Pl,90s,Gls,Sh,SoT,SoT%,Sh/90,SoT/90,G/Sh,G/SoT,PK,PKatt,,,,,,,,2024,Série B
Amazonas,43,38.0,30,522,145,27.8,13.74,3.82,0.06,0.20,1,3,,,,,,,,2024,Série B
América–MG,36,38.0,47,530,172,32.5,13.95,4.53,0.08,0.24,5,6,,,,,,,,2024,Série B
Avaí,33,38.0,34,457,123,26.9,12.03,3.24,0.07,0.26,2,3,,,,,,,,2024,Série B
Botafogo (SP),39,38.0,34,436,128,29.4,11.47,3.37,0.07,0.25,2,3,,,,,,,,2024,Série B
Brusque,39,38.0,23,446,123,27.6,11.74,3.24,0.05,0.18,1,3,,,,,,,,2024,Série B
Ceará,35,38.0,58,555,186,33.5,14.61,4.89,0.09,0.27,7,7,,,,,,,,2024,Série B
Chapecoense,48,38.0,34,472,154,32.6,12.42,4.05,0.07,0.21,2,4,,,,,,,,2024,Série B
Coritiba,36,38.0,40,526,185,35.2,13.84,4.87,0.06,0.18,6,8,,,,,,,,2024,Série B
CRB,35,38.0,37,454,146,32.2,11.95,3.84,0.07,0.23,4,6,,,,,,,,2024,Série B
Goiás,37,38.0,55,493,172,34.9,12.97,4.53,0.10,0.28,6,7,,,,,,,,2024,Série B
Guarani,50,38.0,32,525,163,31.0,13.82,4.29,0.05,0.17,4,5,,,,,,,,2024,Série B
Ituano,44,38.0,42,438,153,34.9,11.53,4.03,0.09,0.25,4,5,,,,,,,,2024,Série B
Mirassol,33,38.0,40,417,141,33.8,10.97,3.71,0.09,0.26,4,7,,,,,,,,2024,Série B
Novorizontino,29,38.0,39,522,159,30.5,13.74,4.18,0.07,0.23,3,4,,,,,,,,2024,Série B
Operário,43,38.0,34,534,164,30.7,14.05,4.32,0.06,0.20,2,2,,,,,,,,2024,Série B
Paysandu,38,38.0,40,511,163,31.9,13.45,4.29,0.07,0.23,3,5,,,,,,,,2024,Série B
Ponte Preta,37,38.0,37,434,142,32.7,11.42,3.74,0.08,0.24,3,5,,,,,,,,2024,Série B
Santos,41,38.0,55,543,190,35.0,14.29,5.00,0.10,0.27,3,4,,,,,,,,2024,Série B
Sport Recife,37,38.0,57,495,150,30.3,13.03,3.95,0.10,0.34,6,8,,,,,,,,2024,Série B
Vila Nova,46,38.0,41,451,143,31.7,11.87,3.76,0.08,0.27,3,4,,,,,,,,2024,Série B
"Totals may not be complete for all senior-level play, see coverage note.",,,,,,,,,,,,,,,,,,,,2024,Série B
Squad Playing Time 2024 Série B,,,,,,,,,,,,,,,,,,,,2024,Série B
View Player Stats,,,,,,,,,,,,,,,,,,,,2024,Série B
Toggle Per90 Stats,,,,,,,,,,,,,,,,,,,,2024,Série B
Squad Stats,,,,,,,,,,,,,,,,,,,,2024,Série B
Opponent Stats,,,,,,,,,,,,,,,,,,,,2024,Série B
Squad,# Pl,Age,MP,Min,Mn/MP,Min%,90s,Starts,Mn/Start,Compl,Subs,Mn/Sub,unSub,PPM,onGA,+/-,+/-90,,,2024,Série B
Amazonas,43,28.4,38,3.42,90,100,38.0,418,80,231,183,23,251,1.37,37,-6,-0.16,,,2024,Série B
América–MG,36,28.2,38,3.42,90,100,38.0,418,81,230,188,21,266,1.53,35,15,+0.39,,,2024,Série B
Avaí,33,29.1,38,3.42,90,100,38.0,418,81,241,178,21,245,1.39,32,2,+0.05,,,2024,Série B
Botafogo (SP),39,27.0,38,3.42,90,100,38.0,418,80,235,178,23,218,1.18,51,-15,-0.39,,,2024,Série B
Brusque,39,30.4,38,3.42,90,100,38.0,418,80,228,187,23,241,0.95,44,-20,-0.53,,,2024,Série B
Ceará,35,27.0,38,3.42,90,100,38.0,418,82,235,182,18,265,1.68,41,18,+0.47,,,2024,Série B
Chapecoense,48,28.1,38,3.42,90,100,38.0,418,80,228,188,21,232,1.16,45,-11,-0.29,,,2024,Série B
Coritiba,36,25.2,38,3.42,90,100,38.0,418,81,234,180,21,274,1.32,44,-3,-0.08,,,2024,Série B
CRB,35,27.6,38,3.42,90,100,38.0,418,80,231,185,22,240,1.13,45,-7,-0.18,,,2024,Série B
Goiás,37,28.7,38,3.42,90,100,38.0,418,79,224,191,24,249,1.66,32,24,+0.63,,,2024,Série B
Guarani,50,27.8,38,3.42,90,100,38.0,418,80,235,180,22,232,0.87,53,-20,-0.53,,,2024,Série B
Ituano,44,27.1,38,3.42,90,100,38.0,418,80,225,188,21,263,0.97,63,-20,-0.53,,,2024,Série B
Mirassol,33,29.6,38,3.42,90,100,38.0,418,81,233,182,19,198,1.76,26,16,+0.42,,,2024,Série B
Novorizontino,29,29.7,38,3.42,90,100,38.0,418,78,227,184,26,229,1.68,31,12,+0.32,,,2024,Série B
Operário,43,28.1,38,3.42,90,100,38.0,418,78,224,191,26,251,1.53,32,2,+0.05,,,2024,Série B
Paysandu,38,28.4,38,3.42,90,100,38.0,418,78,227,187,25,243,1.32,43,-2,-0.05,,,2024,Série B
Ponte Preta,37,27.9,38,3.42,90,100,38.0,418,80,253,157,25,248,1.00,55,-18,-0.47,,,2024,Série B
Santos,41,28.5,38,3.42,90,100,38.0,418,81,232,184,20,273,1.79,32,25,+0.66,,,2024,Série B
Sport Recife,37,28.5,38,3.42,90,100,38.0,418,80,235,181,23,244,1.74,37,20,+0.53,,,2024,Série B
Vila Nova,46,27.1,38,3.42,90,100,38.0,418,81,244,175,22,225,1.45,54,-12,-0.32,,,2024,Série B
"Totals may not be complete for all senior-level play, see coverage note.",,,,,,,,,,,,,,,,,,,,2024,Série B
Squad Miscellaneous Stats 2024 Série B,,,,,,,,,,,,,,,,,,,,2024,Série B
View Player Stats,,,,,,,,,,,,,,,,,,,,2024,Série B
Toggle Per90 Stats,,,,,,,,,,,,,,,,,,,,2024,Série B
Squad Stats,,,,,,,,,,,,,,,,,,,,2024,Série B
Opponent Stats,,,,,,,,,,,,,,,,,,,,2024,Série B
Squad,# Pl,90s,CrdY,CrdR,2CrdY,Fls,Fld,Off,Crs,Int,TklW,PKwon,PKcon,OG,,,,,,2024,Série B
Amazonas,43,38.0,112,6,4,486,486,53,624,249,353,,,0,,,,,,2024,Série B
América–MG,36,38.0,77,2,1,444,523,55,724,259,343,,,1,,,,,,2024,Série B
Avaí,33,38.0,87,3,2,500,433,63,626,278,381,,,0,,,,,,2024,Série B
Botafogo (SP),39,38.0,111,7,3,525,582,47,645,216,303,,,2,,,,,,2024,Série B
Brusque,39,38.0,98,7,3,527,507,65,554,295,396,,,1,,,,,,2024,Série B
Ceará,35,38.0,108,5,4,524,442,63,905,268,403,,,1,,,,,,2024,Série B
Chapecoense,48,38.0,109,4,1,489,449,36,670,246,348,,,2,,,,,,2024,Série B
Coritiba,36,38.0,82,4,1,522,495,68,698,303,444,,,4,,,,,,2024,Série B
CRB,35,38.0,104,4,2,621,520,55,671,223,382,,,1,,,,,,2024,Série B
Goiás,37,38.0,105,4,3,513,523,44,719,255,370,,,2,,,,,,2024,Série B
Guarani,50,38.0,104,5,2,481,487,34,760,279,357,,,2,,,,,,2024,Série B
Ituano,44,38.0,111,8,2,447,453,43,602,270,318,,,2,,,,,,2024,Série B
Mirassol,33,38.0,70,6,2,377,537,78,621,263,304,,,1,,,,,,2024,Série B
Novorizontino,29,38.0,113,9,4,641,435,71,818,296,316,,,1,,,,,,2024,Série B
Operário,43,38.0,97,7,2,487,545,61,717,304,376,,,1,,,,,,2024,Série B
Paysandu,38,38.0,101,9,1,547,490,57,872,282,325,,,0,,,,,,2024,Série B
Ponte Preta,37,38.0,120,11,4,576,424,61,632,318,364,,,1,,,,,,2024,Série B
Santos,41,38.0,74,3,1,423,422,52,809,306,396,,,0,,,,,,2024,Série B
Sport Recife,37,38.0,122,6,5,535,497,58,717,271,371,,,1,,,,,,2024,Série B
Vila Nova,46,38.0,110,3,2,521,507,72,673,286,359,,,0,,,,,,2024,Série B
